CREATE DATABASE  IF NOT EXISTS `proyecto_chagas` /*!40100 DEFAULT CHARACTER SET utf8mb4 COLLATE utf8mb4_0900_ai_ci */ /*!80016 DEFAULT ENCRYPTION='N' */;
USE `proyecto_chagas`;
-- MySQL dump 10.13  Distrib 8.0.31, for Win64 (x86_64)
--
-- Host: 127.0.0.1    Database: proyecto_chagas
-- ------------------------------------------------------
-- Server version	8.0.31

/*!40101 SET @OLD_CHARACTER_SET_CLIENT=@@CHARACTER_SET_CLIENT */;
/*!40101 SET @OLD_CHARACTER_SET_RESULTS=@@CHARACTER_SET_RESULTS */;
/*!40101 SET @OLD_COLLATION_CONNECTION=@@COLLATION_CONNECTION */;
/*!50503 SET NAMES utf8 */;
/*!40103 SET @OLD_TIME_ZONE=@@TIME_ZONE */;
/*!40103 SET TIME_ZONE='+00:00' */;
/*!40014 SET @OLD_UNIQUE_CHECKS=@@UNIQUE_CHECKS, UNIQUE_CHECKS=0 */;
/*!40014 SET @OLD_FOREIGN_KEY_CHECKS=@@FOREIGN_KEY_CHECKS, FOREIGN_KEY_CHECKS=0 */;
/*!40101 SET @OLD_SQL_MODE=@@SQL_MODE, SQL_MODE='NO_AUTO_VALUE_ON_ZERO' */;
/*!40111 SET @OLD_SQL_NOTES=@@SQL_NOTES, SQL_NOTES=0 */;

--
-- Table structure for table `cajas_muestras`
--

DROP TABLE IF EXISTS `cajas_muestras`;
/*!40101 SET @saved_cs_client     = @@character_set_client */;
/*!50503 SET character_set_client = utf8mb4 */;
CREATE TABLE `cajas_muestras` (
  `id_caja` int NOT NULL AUTO_INCREMENT,
  `nombre_caja` varchar(10) NOT NULL,
  `ubicacion_freezer` int NOT NULL,
  `cantidad_muestras` int NOT NULL,
  PRIMARY KEY (`id_caja`),
  KEY `fk_cajas` (`ubicacion_freezer`),
  CONSTRAINT `fk_cajas` FOREIGN KEY (`ubicacion_freezer`) REFERENCES `freezers` (`id_freezer`)
) ENGINE=InnoDB AUTO_INCREMENT=39 DEFAULT CHARSET=utf8mb4 COLLATE=utf8mb4_0900_ai_ci;
/*!40101 SET character_set_client = @saved_cs_client */;

--
-- Dumping data for table `cajas_muestras`
--

LOCK TABLES `cajas_muestras` WRITE;
/*!40000 ALTER TABLE `cajas_muestras` DISABLE KEYS */;
INSERT INTO `cajas_muestras` VALUES (1,'Caja1',1,50),(2,'Caja2',1,50),(3,'Caja3',2,50),(4,'Caja4',4,50),(5,'Caja5',3,48),(6,'Caja6',2,35),(7,'Caja7',2,50),(8,'Caja8',2,48),(9,'Caja9',1,40),(10,'Caja10',3,25),(11,'Caja11',1,50),(12,'Caja12',2,50),(13,'Caja13',1,19),(14,'Caja14',5,50),(15,'Caja15',4,20),(16,'Caja16',4,47),(17,'Caja17',3,40),(18,'Caja18',2,50),(19,'Caja19',4,50),(20,'Caja20',1,50),(21,'Caja21',1,50),(22,'Caja22',2,48),(23,'Caja23',5,75),(24,'Caja24',4,45),(25,'Caja25',2,35),(26,'Caja26',3,80),(27,'Caja27',1,100),(28,'Caja28',1,50),(29,'Caja29',2,50),(30,'Caja30',4,50),(31,'Caja31',4,25),(32,'Caja32',4,39),(33,'Caja33',2,45),(34,'Caja34',3,50),(35,'Caja35',1,50),(36,'Caja36',1,50),(37,'Caja37',5,50),(38,'Caja38',3,32);
/*!40000 ALTER TABLE `cajas_muestras` ENABLE KEYS */;
UNLOCK TABLES;

--
-- Table structure for table `freezers`
--

DROP TABLE IF EXISTS `freezers`;
/*!40101 SET @saved_cs_client     = @@character_set_client */;
/*!50503 SET character_set_client = utf8mb4 */;
CREATE TABLE `freezers` (
  `id_freezer` int NOT NULL AUTO_INCREMENT,
  `nombre_freezer` varchar(10) NOT NULL,
  `ubicacion_edificio` varchar(60) NOT NULL,
  PRIMARY KEY (`id_freezer`)
) ENGINE=InnoDB AUTO_INCREMENT=7 DEFAULT CHARSET=utf8mb4 COLLATE=utf8mb4_0900_ai_ci;
/*!40101 SET character_set_client = @saved_cs_client */;

--
-- Dumping data for table `freezers`
--

LOCK TABLES `freezers` WRITE;
/*!40000 ALTER TABLE `freezers` DISABLE KEYS */;
INSERT INTO `freezers` VALUES (1,'Freezer1','Segundo piso - Clinica'),(2,'Freezer2','Tercer piso - Laboratorio'),(3,'Freezer3','Primer piso - Laboratorio'),(4,'Freezer4','Tercer piso - Clinica'),(5,'Freezer5','Primer piso - Clinica');
/*!40000 ALTER TABLE `freezers` ENABLE KEYS */;
UNLOCK TABLES;

--
-- Table structure for table `muestras_proyecto`
--

DROP TABLE IF EXISTS `muestras_proyecto`;
/*!40101 SET @saved_cs_client     = @@character_set_client */;
/*!50503 SET character_set_client = utf8mb4 */;
CREATE TABLE `muestras_proyecto` (
  `id_muestra` int NOT NULL AUTO_INCREMENT,
  `paciente` int NOT NULL,
  `protocolo` int NOT NULL,
  `ubicacion_caja` int NOT NULL,
  `fecha_extraccion` date DEFAULT NULL,
  `tramo` int NOT NULL,
  `HAI` char(1) NOT NULL,
  `IFI` char(1) NOT NULL,
  `ADN` char(1) NOT NULL,
  PRIMARY KEY (`id_muestra`),
  KEY `fk_muestra` (`ubicacion_caja`),
  KEY `fk_pacientes` (`paciente`),
  KEY `fk_tramo` (`tramo`),
  CONSTRAINT `fk_muestra` FOREIGN KEY (`ubicacion_caja`) REFERENCES `cajas_muestras` (`id_caja`),
  CONSTRAINT `fk_pacientes` FOREIGN KEY (`paciente`) REFERENCES `pacientes` (`id_paciente`),
  CONSTRAINT `fk_tramo` FOREIGN KEY (`tramo`) REFERENCES `tramos_proyecto` (`id_tramo`)
) ENGINE=InnoDB AUTO_INCREMENT=1846 DEFAULT CHARSET=utf8mb4 COLLATE=utf8mb4_0900_ai_ci;
/*!40101 SET character_set_client = @saved_cs_client */;

--
-- Dumping data for table `muestras_proyecto`
--

LOCK TABLES `muestras_proyecto` WRITE;
/*!40000 ALTER TABLE `muestras_proyecto` DISABLE KEYS */;
INSERT INTO `muestras_proyecto` VALUES (1,1,48456,1,'1999-11-09',1,'P','P','N'),(2,2,48457,1,'1999-11-09',1,'P','P','P'),(3,3,48458,1,'1999-11-09',1,'N','N','N'),(4,4,48459,1,'1999-11-09',1,'P','N','P'),(5,5,48460,1,'1999-11-09',1,'P','P','P'),(6,6,48545,1,'1999-11-09',1,'N','N','N'),(7,8,48546,1,'1999-11-09',1,'P','N','N'),(8,9,49131,1,'1999-11-09',1,'N','P','N'),(9,10,49132,1,'1999-11-09',1,'N','P','P'),(10,11,49133,1,'1999-11-09',1,'P','P','P'),(11,12,49134,1,'1999-11-10',1,'N','P','N'),(12,13,49135,1,'1999-11-10',1,'P','N','P'),(13,14,49136,1,'1999-11-10',1,'N','N','N'),(14,15,49137,1,'1999-11-10',1,'P','P','P'),(15,16,49138,1,'1999-11-22',1,'N','P','P'),(16,17,49139,1,'1999-11-22',1,'P','N','N'),(17,18,49140,1,'1999-11-22',1,'N','N','N'),(18,19,49141,1,'1999-11-22',1,'P','P','N'),(19,20,49205,1,'1999-11-22',1,'P','P','P'),(20,21,49206,1,'1999-11-22',1,'N','N','N'),(21,22,49207,1,'1999-11-22',1,'P','N','P'),(22,23,49208,1,'1999-11-22',1,'P','P','P'),(23,24,49209,1,'1999-11-22',1,'N','N','N'),(24,25,49210,1,'1999-11-22',1,'P','N','N'),(25,26,49211,1,'1999-11-22',1,'N','P','N'),(26,28,61902,1,'1999-11-22',1,'N','P','P'),(27,29,61960,1,'1999-11-22',1,'P','P','P'),(28,30,61967,1,'1999-11-22',1,'N','P','N'),(29,31,61968,1,'1999-11-22',1,'P','N','P'),(30,32,62090,1,'1999-11-22',1,'N','N','N'),(31,33,66212,1,'1999-11-22',1,'P','P','P'),(32,34,62184,1,'1999-11-22',1,'N','P','P'),(33,35,62246,1,'1999-11-22',1,'P','N','N'),(34,36,62441,1,'1999-11-22',1,'N','N','N'),(35,37,62442,1,'1999-11-22',1,'P','P','N'),(36,38,62443,1,'1999-11-22',1,'P','P','P'),(37,39,62444,1,'1999-11-23',1,'N','N','N'),(38,40,62508,1,'1999-11-23',1,'P','N','P'),(39,41,62509,1,'1999-11-23',1,'P','P','P'),(40,42,62510,1,'1999-11-23',1,'N','N','N'),(41,43,62511,1,'1999-11-23',1,'P','N','N'),(42,44,62512,1,'1999-11-23',1,'N','P','N'),(43,45,63560,1,'1999-11-23',1,'N','P','P'),(44,46,63430,1,'1999-11-23',1,'P','P','P'),(45,47,63429,1,'1999-11-23',1,'N','P','N'),(46,48,63431,1,'1999-11-23',1,'P','N','P'),(47,49,63539,1,'1999-11-23',1,'N','N','N'),(48,50,63540,1,'1999-11-23',1,'P','P','P'),(49,51,63593,1,'1999-11-23',1,'N','P','P'),(50,52,63736,1,'1999-11-23',1,'P','N','N'),(51,53,64664,9,'2000-10-06',1,'N','N','N'),(52,54,63596,9,'2000-10-06',1,'P','P','N'),(53,55,67850,9,'2000-10-10',1,'P','P','P'),(54,56,67852,9,'2000-10-10',1,'N','N','N'),(55,57,67851,9,'2000-10-12',1,'P','N','P'),(56,58,67927,9,'2000-10-13',1,'P','P','P'),(57,59,67928,9,'2000-10-19',1,'N','N','N'),(58,60,67929,9,'2000-10-19',1,'P','N','N'),(59,61,67930,9,'2000-10-19',1,'N','P','N'),(60,62,67931,9,'2000-10-20',1,'N','P','P'),(61,63,68301,9,'2000-10-20',1,'P','P','P'),(62,64,68302,9,'2000-10-20',1,'N','P','N'),(63,65,68303,9,'2000-10-20',1,'P','N','P'),(64,66,68304,9,'2000-01-20',1,'N','N','N'),(65,67,68305,9,'2000-11-10',1,'P','P','P'),(66,68,68306,9,'2000-11-10',1,'N','P','P'),(67,69,68307,9,'2000-11-10',1,'P','N','N'),(68,70,68308,9,'2000-11-14',1,'N','N','N'),(69,71,68512,9,'2000-11-15',1,'P','P','N'),(70,72,68513,9,'2001-03-06',1,'P','P','P'),(71,73,68515,9,'2001-03-07',1,'N','N','N'),(72,74,68516,9,'2001-03-07',1,'P','N','P'),(73,75,68517,9,'2001-03-07',1,'P','P','P'),(74,77,68514,9,'2001-03-07',1,'N','N','N'),(75,78,68829,9,'2001-03-07',1,'P','N','N'),(76,79,68830,9,'2001-03-15',1,'N','P','N'),(77,80,68831,9,'2001-03-15',1,'N','P','P'),(78,81,68832,9,'2001-03-15',1,'P','P','P'),(79,82,68833,9,'2001-03-15',1,'N','P','N'),(80,83,68834,9,'2001-03-15',1,'P','N','P'),(81,84,68835,9,'2001-03-15',1,'N','N','N'),(82,85,68891,9,'2001-03-15',1,'P','P','P'),(83,86,68892,9,'2001-03-15',1,'N','P','P'),(84,87,68893,9,'2001-03-22',1,'P','N','N'),(85,88,69111,9,'2001-03-22',1,'N','N','N'),(86,89,69112,9,'2001-03-22',1,'P','P','N'),(87,90,69113,9,'2001-03-22',1,'P','P','P'),(88,91,69224,9,'2001-03-23',1,'N','N','N'),(89,92,69225,9,'2001-03-23',1,'P','N','P'),(90,93,69226,9,'2001-03-23',1,'P','P','P'),(91,94,69227,14,'2001-03-26',1,'N','N','N'),(92,95,69228,14,'2001-03-26',1,'P','N','N'),(93,96,69788,14,'2001-03-26',1,'N','P','N'),(94,97,69789,14,'2001-03-26',1,'N','P','P'),(95,98,69790,14,'2001-03-26',1,'P','P','P'),(96,99,69791,14,'2001-03-27',1,'N','P','N'),(97,100,69798,14,'2001-03-27',1,'P','N','P'),(98,101,69793,14,'2001-03-27',1,'N','N','N'),(99,102,69794,14,'2001-03-27',1,'P','P','P'),(100,103,69795,14,'2001-03-27',1,'N','P','P'),(101,104,69796,14,'2001-03-27',1,'P','N','N'),(102,105,69797,14,'2001-03-27',1,'N','N','N'),(103,106,70034,14,'2001-03-27',1,'P','P','N'),(104,107,70035,14,'2001-03-27',1,'P','P','P'),(105,108,70036,14,'2001-03-27',1,'N','N','N'),(106,109,70037,14,'2001-03-27',1,'P','N','P'),(107,110,70583,14,'2001-03-27',1,'P','P','P'),(108,111,70584,14,'2001-03-27',1,'N','N','N'),(109,112,70585,14,'2001-03-27',1,'P','N','N'),(110,113,70955,14,'2001-03-27',1,'N','P','N'),(111,115,70956,14,'2001-03-27',1,'N','P','P'),(112,116,71033,14,'2001-03-27',1,'P','P','P'),(113,117,71185,14,'2001-03-27',1,'N','P','N'),(114,118,71316,14,'2001-03-27',1,'P','N','P'),(115,119,71621,14,'2001-03-27',1,'N','N','N'),(116,120,71622,14,'2001-03-27',1,'P','P','P'),(117,121,71623,14,'2001-03-27',1,'N','P','P'),(118,122,71624,14,'2001-03-27',1,'P','N','N'),(119,123,71625,14,'2001-03-27',1,'N','N','N'),(120,124,71626,14,'2001-03-29',1,'P','P','N'),(121,125,71627,14,'2001-03-29',1,'P','P','P'),(122,126,71629,14,'2001-03-29',1,'N','N','N'),(123,127,71630,14,'2001-03-29',1,'P','N','P'),(124,128,71631,14,'2001-03-29',1,'P','P','P'),(125,129,71633,14,'2001-03-29',1,'N','N','N'),(126,130,71635,14,'2001-03-29',1,'P','N','N'),(127,131,71637,14,'2001-03-30',1,'N','P','N'),(128,132,71639,14,'2001-03-30',1,'N','P','P'),(129,133,71641,14,'2001-03-30',1,'P','P','P'),(130,134,71643,14,'2001-03-30',1,'N','P','N'),(131,135,71645,14,'2001-03-30',1,'P','N','P'),(132,136,71649,14,'2001-03-30',1,'N','N','N'),(133,137,71652,14,'2001-03-30',1,'P','P','P'),(134,138,71655,14,'2001-03-30',1,'N','P','P'),(135,140,71659,14,'2001-03-30',1,'P','N','N'),(136,141,71662,14,'2001-03-30',1,'N','N','N'),(137,142,71666,14,'2001-03-30',1,'P','P','N'),(138,143,71669,14,'2001-03-30',1,'P','P','P'),(139,144,71672,14,'2001-03-30',1,'N','N','N'),(140,145,71675,14,'2001-03-30',1,'P','N','P'),(141,146,71679,24,'2001-03-30',1,'P','P','P'),(142,147,71682,24,'2001-04-01',1,'N','N','N'),(143,148,71686,24,'2001-04-02',1,'P','N','N'),(144,149,71689,24,'2001-04-03',1,'N','P','N'),(145,150,71692,24,'2001-04-04',1,'N','P','P'),(146,151,71696,24,'2001-04-05',1,'P','P','P'),(147,152,71699,24,'2001-04-06',1,'N','P','N'),(148,153,71703,24,'2001-04-07',1,'P','N','P'),(149,154,71706,24,'2001-04-08',1,'N','N','N'),(150,155,71709,24,'2001-04-08',1,'P','P','P'),(151,156,71713,24,'2001-04-08',1,'N','P','P'),(152,157,71716,24,'2001-04-08',1,'P','N','N'),(153,158,71720,24,'2001-04-08',1,'N','N','N'),(154,159,71723,24,'2001-04-08',1,'P','P','N'),(155,160,71726,24,'2001-04-08',1,'P','P','P'),(156,161,71730,24,'2001-04-08',1,'N','N','N'),(157,162,71733,24,'2001-04-08',1,'P','N','P'),(158,163,71737,24,'2001-04-08',1,'P','P','P'),(159,164,71740,24,'2001-04-08',1,'N','N','N'),(160,165,71743,24,'2001-04-08',1,'P','N','N'),(161,166,71747,24,'2001-04-08',1,'N','P','N'),(162,167,71750,24,'2001-04-08',1,'N','P','P'),(163,168,71753,24,'2001-04-08',1,'P','P','P'),(164,169,71757,24,'2001-04-08',1,'N','P','N'),(165,170,71760,24,'2001-04-08',1,'P','N','P'),(166,171,71764,24,'2001-03-29',1,'N','N','N'),(167,172,71767,24,'2001-04-09',1,'P','P','P'),(168,173,71770,24,'2001-04-09',1,'N','P','P'),(169,174,71774,24,'2001-04-09',1,'P','N','N'),(170,175,71777,24,'2001-04-09',1,'N','N','N'),(171,177,71781,24,'2001-04-09',1,'P','P','N'),(172,178,71784,24,'2001-04-09',1,'P','P','P'),(173,179,71787,24,'2001-04-09',1,'N','N','N'),(174,180,71791,24,'2001-04-09',1,'P','N','P'),(175,181,71794,24,'2001-04-09',1,'P','P','P'),(176,182,71798,24,'2001-04-09',1,'N','N','N'),(177,183,71801,24,'2001-04-09',1,'P','N','N'),(178,184,71804,24,'2001-04-09',1,'N','P','N'),(179,185,71808,24,'2001-04-09',1,'N','P','P'),(180,186,71811,24,'2001-04-09',1,'P','P','P'),(181,187,71815,24,'2001-04-09',1,'N','P','N'),(182,188,71818,24,'2001-04-09',1,'P','N','P'),(183,189,71821,24,'2001-04-09',1,'N','N','N'),(184,190,71825,24,'2001-04-09',1,'P','P','P'),(185,191,71828,24,'2001-04-11',1,'N','P','P'),(186,192,71832,5,'2001-04-11',1,'P','N','N'),(187,193,71835,5,'2001-04-11',1,'N','N','N'),(188,195,71838,5,'2001-04-11',1,'P','P','N'),(189,196,71842,5,'2001-04-11',1,'P','P','P'),(190,197,71845,5,'2001-04-11',1,'N','N','N'),(191,198,71849,5,'2001-04-11',1,'P','N','P'),(192,199,71852,5,'2001-04-11',1,'P','P','P'),(193,200,71855,5,'2001-04-11',1,'N','N','N'),(194,201,71859,5,'2001-04-11',1,'P','N','N'),(195,202,71862,5,'2001-04-11',1,'N','P','N'),(196,203,71865,5,'2001-04-11',1,'N','P','P'),(197,204,71869,5,'2001-04-11',1,'P','P','P'),(198,205,71872,5,'2001-04-11',1,'N','P','N'),(199,206,71876,5,'2001-04-11',1,'P','N','P'),(200,207,71879,5,'2001-04-11',1,'N','N','N'),(201,208,71882,5,'2001-04-11',1,'P','P','P'),(202,209,71886,5,'2001-04-11',1,'N','P','P'),(203,210,71889,5,'2001-04-11',1,'P','N','N'),(204,211,71893,5,'2001-04-11',1,'N','N','N'),(205,212,71896,5,'2001-04-12',1,'P','P','P'),(206,213,71899,5,'2001-04-12',1,'P','P','P'),(207,214,71903,5,'2001-04-12',1,'P','N','P'),(208,215,71906,5,'2001-04-12',1,'N','P','P'),(209,216,71910,5,'2001-04-12',1,'P','P','N'),(210,217,71913,5,'2001-04-12',1,'N','N','N'),(211,218,71916,5,'2001-04-12',1,'N','P','N'),(212,219,71920,5,'2001-04-12',1,'N','N','P'),(213,220,71923,5,'2001-04-12',1,'P','N','N'),(214,221,71927,5,'2001-04-12',1,'N','P','P'),(215,222,71930,5,'2001-04-12',1,'P','N','P'),(216,223,71933,5,'2001-04-12',1,'P','P','N'),(217,224,71937,5,'2001-04-12',1,'P','P','P'),(218,225,71940,5,'2001-04-12',1,'N','N','N'),(219,226,71944,5,'2001-04-12',1,'N','P','N'),(220,227,71947,5,'2001-04-12',1,'P','N','N'),(221,228,71950,5,'2001-04-12',1,'N','N','P'),(222,229,71954,5,'2001-04-12',1,'P','P','P'),(223,230,71957,5,'2001-04-12',1,'P','N','P'),(224,231,71960,5,'2001-04-12',1,'P','P','N'),(225,232,71964,5,'2001-04-12',1,'N','P','P'),(226,233,71967,5,'2001-04-12',1,'N','N','N'),(227,234,71971,5,'2001-04-12',1,'N','N','P'),(228,235,71974,5,'2001-04-12',1,'N','P','N'),(229,236,71977,5,'2001-04-12',1,'P','N','N'),(230,237,71981,5,'2001-04-12',1,'P','N','P'),(231,239,71984,5,'2001-04-12',1,'P','P','N'),(232,240,71988,5,'2001-04-12',1,'P','P','P'),(233,241,71991,5,'2001-04-12',1,'N','N','N'),(234,242,71994,21,'2001-04-12',1,'N','P','N'),(235,243,71998,21,'2001-04-12',1,'P','N','N'),(236,244,72001,21,'2001-04-12',1,'N','N','P'),(237,245,72005,21,'2001-04-12',1,'P','P','P'),(238,246,72008,21,'2001-04-12',1,'P','N','P'),(239,247,72011,21,'2001-04-12',1,'P','P','N'),(240,248,72015,21,'2001-04-12',1,'N','P','P'),(241,249,72018,21,'2001-04-12',1,'N','N','N'),(242,250,72022,21,'2001-04-12',1,'N','N','P'),(243,251,72025,21,'2001-04-12',1,'N','P','N'),(244,253,72028,21,'2001-04-12',1,'P','N','N'),(245,254,72032,21,'2001-04-12',1,'P','N','P'),(246,255,72035,21,'2001-04-12',1,'P','P','N'),(247,256,72039,21,'2001-04-12',1,'P','P','P'),(248,257,72042,21,'2001-04-12',1,'N','N','N'),(249,258,72045,21,'2001-04-12',1,'N','P','N'),(250,259,72049,21,'2001-04-12',1,'P','N','N'),(251,260,72052,21,'2001-04-12',1,'N','N','P'),(252,261,72056,21,'2001-04-12',1,'P','P','P'),(253,262,72059,21,'2001-04-12',1,'P','N','P'),(254,263,72062,21,'2001-04-12',1,'P','P','N'),(255,264,72066,21,'2001-04-12',1,'N','P','P'),(256,265,72069,21,'2001-04-12',1,'N','N','N'),(257,266,72072,21,'2001-04-12',1,'N','N','P'),(258,267,72076,21,'2001-04-12',1,'N','P','N'),(259,268,72079,21,'2001-04-13',1,'P','N','N'),(260,269,72083,21,'2001-04-13',1,'P','N','P'),(261,270,72086,21,'2001-04-13',1,'P','P','N'),(262,271,72089,21,'2001-04-13',1,'P','P','P'),(263,272,72093,21,'2001-04-13',1,'N','N','N'),(264,273,72096,21,'2001-04-13',1,'N','P','N'),(265,274,72100,21,'2001-04-13',1,'P','N','N'),(266,275,72103,21,'2001-04-13',1,'N','N','P'),(267,276,72106,21,'2001-04-13',1,'P','P','P'),(268,277,72110,21,'2001-04-13',1,'P','N','P'),(269,278,72113,21,'2001-04-13',1,'P','P','N'),(270,279,72117,21,'2001-04-13',1,'N','P','P'),(271,280,72120,21,'2001-04-13',1,'N','N','N'),(272,281,72123,21,'2001-04-13',1,'N','N','P'),(273,282,72127,21,'2001-04-13',1,'N','P','N'),(274,283,72130,21,'2001-04-13',1,'P','N','N'),(275,284,72134,21,'2001-04-13',1,'P','N','N'),(276,285,72137,21,'2001-04-13',1,'N','P','N'),(277,286,72140,21,'2001-04-13',1,'N','P','P'),(278,287,72144,21,'2001-04-13',1,'P','P','P'),(279,288,72147,21,'2001-04-13',1,'N','P','N'),(280,289,72151,21,'2001-04-13',1,'P','N','P'),(281,290,72154,21,'2001-04-13',1,'N','N','N'),(282,291,72157,21,'2001-04-13',1,'P','P','P'),(283,292,72161,21,'2001-04-13',1,'N','P','P'),(284,293,72164,2,'2001-04-13',1,'P','N','N'),(285,294,72167,2,'2001-04-13',1,'N','N','N'),(286,295,72171,2,'2001-04-13',1,'P','P','N'),(287,296,72174,2,'2001-04-13',1,'P','P','P'),(288,297,72178,2,'2001-04-13',1,'N','N','N'),(289,298,72181,2,'2001-04-13',1,'P','N','P'),(290,299,72184,2,'2001-04-13',1,'P','P','P'),(291,300,72188,2,'2001-04-13',1,'N','N','N'),(292,302,72191,2,'2001-04-13',1,'P','N','N'),(293,303,72195,2,'2001-04-13',1,'N','P','N'),(294,304,72198,2,'2001-04-13',1,'N','P','P'),(295,305,72201,2,'2001-04-16',1,'P','P','P'),(296,306,72205,2,'2001-04-16',1,'N','P','N'),(297,307,72208,2,'2001-04-16',1,'P','N','P'),(298,308,72212,2,'2001-04-16',1,'N','N','N'),(299,309,72215,2,'2001-04-16',1,'P','P','P'),(300,310,72218,2,'2001-04-16',1,'N','P','P'),(301,311,72222,2,'2001-04-16',1,'P','N','N'),(302,312,72225,2,'2001-04-16',1,'N','N','N'),(303,313,72229,2,'2001-04-16',1,'P','P','P'),(304,315,72232,2,'2001-04-16',1,'P','P','P'),(305,316,72235,2,'2001-04-16',1,'P','N','P'),(306,317,72239,2,'2001-04-16',1,'N','P','P'),(307,318,72242,2,'2001-04-16',1,'P','P','N'),(308,319,72246,2,'2001-04-16',1,'N','N','N'),(309,320,72249,2,'2001-04-16',1,'N','P','N'),(310,321,72252,2,'2001-04-16',1,'N','N','P'),(311,322,72256,2,'2001-04-16',1,'P','N','N'),(312,323,72259,2,'2001-04-16',1,'N','P','P'),(313,324,72263,2,'2001-04-16',1,'P','N','P'),(314,325,72266,2,'2001-04-16',1,'P','P','N'),(315,326,72269,2,'2001-04-16',1,'P','P','P'),(316,327,72273,2,'2001-04-16',1,'N','N','N'),(317,328,72276,2,'2001-04-16',1,'N','P','N'),(318,329,72279,2,'2001-04-16',1,'P','N','N'),(319,330,72283,2,'2001-04-16',1,'N','N','P'),(320,331,72286,2,'2001-04-16',1,'P','P','P'),(321,332,72290,2,'2001-04-16',1,'P','N','P'),(322,333,72293,2,'2001-04-16',1,'P','P','N'),(323,334,72296,2,'2001-04-16',1,'N','P','P'),(324,335,72300,2,'2001-04-16',1,'N','N','N'),(325,336,72303,2,'2001-04-16',1,'N','N','P'),(326,337,72307,2,'2001-04-16',1,'N','P','N'),(327,338,72310,2,'2001-04-16',1,'P','N','N'),(328,339,72313,2,'2001-04-16',1,'P','N','P'),(329,340,72317,2,'2001-04-16',1,'P','P','N'),(330,341,72320,2,'2001-04-16',1,'P','P','P'),(331,342,72324,2,'2001-04-16',1,'N','N','N'),(332,343,72327,2,'2001-04-16',1,'N','P','N'),(333,344,72330,18,'2001-04-18',1,'P','N','N'),(334,345,72334,18,'2001-04-18',1,'N','N','P'),(335,346,72337,18,'2001-04-18',1,'P','P','P'),(336,347,72341,18,'2001-04-18',1,'P','N','P'),(337,348,72344,18,'2001-04-18',1,'P','P','N'),(338,349,72347,18,'2001-04-18',1,'N','P','P'),(339,350,72351,18,'2001-04-18',1,'N','N','N'),(340,351,72354,18,'2001-04-18',1,'N','N','P'),(341,353,72358,18,'2001-04-18',1,'N','P','N'),(342,354,72361,18,'2001-04-18',1,'P','N','N'),(343,355,72364,18,'2001-04-18',1,'P','N','P'),(344,356,72368,18,'2001-04-18',1,'P','P','N'),(345,357,72371,18,'2001-04-18',1,'P','P','P'),(346,358,72374,18,'2001-04-18',1,'N','N','N'),(347,359,72378,18,'2001-04-18',1,'N','P','N'),(348,360,72381,18,'2001-04-18',1,'P','N','N'),(349,361,72385,18,'2001-04-18',1,'N','N','P'),(350,362,72388,18,'2001-04-18',1,'P','P','P'),(351,363,72391,18,'2001-04-18',1,'P','N','P'),(352,364,72395,18,'2001-04-18',1,'P','P','N'),(353,365,72398,18,'2001-04-19',1,'N','P','P'),(354,366,72402,18,'2001-04-19',1,'N','N','N'),(355,367,72405,18,'2001-04-19',1,'N','N','P'),(356,368,72408,18,'2001-04-19',1,'N','P','N'),(357,369,72412,18,'2001-04-19',1,'P','N','N'),(358,370,72415,18,'2001-04-19',1,'P','N','P'),(359,371,72419,18,'2001-04-19',1,'P','P','N'),(360,372,72422,18,'2001-04-19',1,'P','P','P'),(361,373,72425,18,'2001-04-19',1,'N','N','N'),(362,374,72429,18,'2001-04-19',1,'N','P','N'),(363,375,72432,18,'2001-04-19',1,'P','N','N'),(364,376,72436,18,'2001-04-19',1,'N','N','P'),(365,377,72439,18,'2001-04-19',1,'P','P','P'),(366,378,72442,18,'2001-04-19',1,'P','N','P'),(367,379,72446,18,'2001-04-19',1,'P','P','N'),(368,380,72449,18,'2001-04-19',1,'N','P','P'),(369,381,72453,18,'2001-04-19',1,'N','N','N'),(370,382,72456,18,'2001-04-19',1,'N','N','P'),(371,384,72459,18,'2001-04-19',1,'N','P','N'),(372,385,72463,18,'2001-04-19',1,'P','N','N'),(373,386,72466,18,'2001-04-19',1,'P','N','N'),(374,387,72470,18,'2001-04-19',1,'N','P','N'),(375,388,72473,18,'2001-04-19',1,'N','P','P'),(376,389,72476,18,'2001-04-19',1,'P','P','P'),(377,390,72480,18,'2001-04-19',1,'N','P','N'),(378,391,72483,18,'2001-04-19',1,'P','N','P'),(379,392,72486,18,'2001-04-19',1,'N','N','N'),(380,393,72490,18,'2001-04-19',1,'P','P','P'),(381,394,72493,18,'2001-04-19',1,'N','P','P'),(382,395,72497,18,'2001-04-19',1,'P','N','N'),(383,396,72500,18,'2001-04-19',1,'N','N','N'),(384,397,72503,4,'2001-04-19',1,'P','P','N'),(385,398,72507,4,'2001-04-19',1,'P','P','P'),(386,399,72510,4,'2001-04-19',1,'N','N','N'),(387,401,72514,4,'2001-04-20',1,'P','N','P'),(388,402,72517,4,'2001-04-20',1,'P','P','P'),(389,403,72520,4,'2001-04-20',1,'N','N','N'),(390,404,72524,4,'2001-04-20',1,'P','N','N'),(391,405,72527,4,'2001-04-20',1,'N','P','N'),(392,406,72531,4,'2001-04-20',1,'N','P','P'),(393,407,72534,4,'2001-04-20',1,'P','P','P'),(394,408,72537,4,'2001-04-20',1,'N','P','N'),(395,409,72541,4,'2001-04-20',1,'P','N','P'),(396,410,72544,4,'2001-04-20',1,'N','N','N'),(397,411,72548,4,'2001-04-20',1,'P','P','P'),(398,412,72551,4,'2001-04-20',1,'N','P','P'),(399,413,72554,4,'2001-04-20',1,'P','N','N'),(400,414,72558,4,'2001-04-20',1,'N','N','N'),(401,415,72561,4,'2001-04-20',1,'P','P','P'),(402,416,72565,4,'2001-04-20',1,'P','P','P'),(403,417,72568,4,'2001-04-21',1,'P','N','P'),(404,418,72571,4,'2001-04-21',1,'N','P','P'),(405,419,72575,4,'2001-04-21',1,'P','P','N'),(406,421,72578,4,'2001-04-21',1,'N','N','N'),(407,422,72581,4,'2001-04-21',1,'N','P','N'),(408,423,72585,4,'2001-04-21',1,'N','N','P'),(409,424,72588,4,'2001-04-21',1,'P','N','N'),(410,425,72592,4,'2001-04-21',1,'N','P','P'),(411,426,72595,4,'2001-04-21',1,'P','N','P'),(412,427,72598,4,'2001-04-21',1,'P','P','N'),(413,428,72602,4,'2001-04-21',1,'P','P','P'),(414,429,72605,4,'2001-04-21',1,'N','N','N'),(415,430,72609,4,'2001-04-21',1,'N','P','N'),(416,431,72612,4,'2001-04-21',1,'P','N','N'),(417,432,72615,4,'2001-04-21',1,'N','N','P'),(418,433,72619,4,'2001-04-21',1,'P','P','P'),(419,434,72622,4,'2001-04-21',1,'P','N','P'),(420,435,72626,4,'2001-04-21',1,'P','P','N'),(421,436,72629,4,'2001-04-21',1,'N','P','P'),(422,437,72632,4,'2001-04-21',1,'N','N','N'),(423,438,72636,4,'2001-04-21',1,'N','N','P'),(424,439,72639,4,'2001-04-21',1,'N','P','N'),(425,440,72643,4,'2001-04-21',1,'P','N','N'),(426,441,72646,4,'2001-04-21',1,'P','N','P'),(427,442,72649,4,'2001-04-21',1,'P','P','N'),(428,443,72653,4,'2001-04-21',1,'P','P','P'),(429,444,72656,4,'2001-04-21',1,'N','N','N'),(430,445,72660,4,'2001-04-21',1,'N','P','N'),(431,446,72663,4,'2001-04-21',1,'P','N','N'),(432,447,72666,4,'2001-04-21',1,'N','N','P'),(433,448,72670,4,'2001-04-21',1,'P','P','P'),(434,449,72673,15,'2001-04-21',1,'P','N','P'),(435,450,72676,15,'2001-04-21',1,'P','P','N'),(436,452,72680,15,'2001-04-21',1,'N','P','P'),(437,453,72683,15,'2001-04-21',1,'N','N','N'),(438,454,72687,15,'2001-04-21',1,'N','N','P'),(439,455,72690,15,'2001-04-21',1,'N','P','N'),(440,456,72693,15,'2001-04-21',1,'P','N','N'),(441,457,72697,15,'2001-04-21',1,'P','N','P'),(442,458,72700,15,'2001-04-21',1,'P','P','N'),(443,460,72704,15,'2001-04-21',1,'P','P','P'),(444,461,72707,15,'2001-04-21',1,'N','N','N'),(445,462,72710,15,'2001-04-21',1,'N','P','N'),(446,463,72714,15,'2001-04-21',1,'P','N','N'),(447,464,72717,15,'2001-04-23',1,'N','N','P'),(448,465,72721,15,'2001-04-24',1,'P','P','P'),(449,466,72724,15,'2001-04-25',1,'P','N','P'),(450,467,72727,15,'2001-04-26',1,'P','P','N'),(451,468,72731,15,'2001-04-27',1,'N','P','P'),(452,469,72734,15,'2001-04-28',1,'N','N','N'),(453,470,72738,15,'2001-04-29',1,'N','N','P'),(454,1,53154,7,'2000-03-01',2,'P','P','N'),(455,2,53810,7,'2000-03-16',2,'P','P','P'),(456,3,53156,7,'2000-03-01',2,'N','N','N'),(457,4,53309,7,'2000-03-03',2,'P','N','P'),(458,5,53218,7,'2000-03-02',2,'P','P','P'),(459,6,57914,7,'2000-07-04',2,'N','N','N'),(460,7,53735,7,'2000-03-15',2,'P','N','N'),(461,8,55552,7,'2000-05-02',2,'N','P','N'),(462,9,56270,7,'2000-05-22',2,'N','P','P'),(463,10,55618,7,'2000-05-03',2,'P','P','P'),(464,11,56000,7,'2000-05-12',2,'N','P','N'),(465,12,59521,7,'2000-08-10',2,'P','N','P'),(466,13,55612,7,'2000-05-03',2,'N','N','N'),(467,14,55836,7,'2000-05-09',2,'P','P','P'),(468,15,55554,7,'2000-05-02',2,'N','P','P'),(469,16,58028,7,'2000-07-06',2,'P','N','N'),(470,17,59816,7,'2000-08-17',2,'N','N','N'),(471,18,55761,7,'2000-05-08',2,'P','P','N'),(472,19,59520,7,'2000-08-10',2,'P','P','P'),(473,20,55580,7,'2000-05-05',2,'N','N','N'),(474,21,56349,7,'2000-05-23',2,'P','N','P'),(475,22,56354,7,'2000-05-23',2,'P','P','P'),(476,23,55614,7,'2000-05-03',2,'N','N','N'),(477,24,56882,7,'2000-06-06',2,'P','N','N'),(478,25,55581,7,'2000-05-05',2,'N','P','N'),(479,26,55950,7,'2000-05-05',2,'N','P','P'),(480,27,57294,7,'2000-06-20',2,'P','P','P'),(481,28,56273,7,'2000-05-22',2,'N','P','N'),(482,29,56200,7,'2000-05-19',2,'P','N','P'),(483,30,54054,7,'2000-03-22',2,'N','N','N'),(484,31,54127,7,'2000-03-13',2,'P','P','P'),(485,32,54128,7,'2000-06-08',2,'N','P','P'),(486,33,60631,7,'2000-09-07',2,'P','N','N'),(487,34,56145,7,'2000-05-18',2,'N','N','N'),(488,35,56275,7,'2000-05-22',2,'P','P','N'),(489,36,56201,7,'2000-05-19',2,'P','P','P'),(490,37,56606,7,'2000-05-30',2,'N','N','N'),(491,38,57103,7,'2000-06-13',2,'P','N','P'),(492,39,56822,7,'2000-06-05',2,'P','P','P'),(493,40,56881,7,'2000-06-06',2,'N','N','N'),(494,41,59910,7,'2000-08-18',2,'P','N','N'),(495,42,57245,7,'2000-06-16',2,'N','P','N'),(496,43,56821,7,'2000-06-05',2,'N','P','P'),(497,44,56824,7,'2000-06-05',2,'P','P','P'),(498,45,56957,7,'2000-06-07',2,'N','P','N'),(499,46,56956,7,'2000-06-07',2,'P','N','P'),(500,47,57965,7,'2000-07-05',2,'N','N','N'),(501,48,56954,7,'2000-06-07',2,'P','P','P'),(502,49,58447,7,'2000-07-18',2,'N','P','P'),(503,50,57246,7,'2000-06-16',2,'P','N','N'),(504,51,57239,23,'2000-06-08',2,'N','N','N'),(505,52,60921,23,'2000-09-13',2,'P','P','N'),(506,53,60922,23,'2000-06-08',2,'P','P','P'),(507,54,60923,23,'2000-06-08',2,'N','N','N'),(508,55,57157,23,'2000-06-14',2,'P','N','P'),(509,56,60924,23,'2000-06-08',2,'P','P','P'),(510,57,60002,23,'2000-08-23',2,'N','N','N'),(511,58,59519,23,'2000-08-10',2,'P','N','N'),(512,59,57447,23,'2000-06-23',2,'N','P','N'),(513,60,57911,23,'2000-07-04',2,'N','P','P'),(514,61,57293,23,'2000-06-20',2,'P','P','P'),(515,62,60307,23,'2000-08-30',2,'N','P','N'),(516,63,57849,23,'2000-07-03',2,'P','N','P'),(517,64,58175,23,'2000-07-11',2,'N','N','N'),(518,65,57844,23,'2000-07-03',2,'P','P','P'),(519,66,57846,23,'2000-07-03',2,'N','P','P'),(520,67,57851,23,'2000-07-03',2,'P','N','N'),(521,68,58031,23,'2000-07-06',2,'N','N','N'),(522,69,58496,23,'2000-07-19',2,'P','P','N'),(523,70,58034,23,'2000-07-06',2,'P','P','P'),(524,71,58445,23,'2000-07-01',2,'N','N','N'),(525,72,58444,23,'2000-07-18',2,'P','N','P'),(526,73,58370,23,'2000-07-17',2,'P','P','P'),(527,74,59265,23,'2000-08-04',2,'N','N','N'),(528,75,58371,23,'2000-07-17',2,'P','N','N'),(529,76,58846,23,'2000-07-26',2,'N','P','N'),(530,77,58848,23,'2000-07-26',2,'N','P','P'),(531,78,58920,23,'2000-07-27',2,'P','P','P'),(532,79,58847,23,'2000-07-26',2,'N','P','N'),(533,80,60712,23,'2000-07-27',2,'P','N','P'),(534,81,61476,23,'2000-09-26',2,'N','N','N'),(535,82,64663,23,'2000-12-13',2,'P','P','P'),(536,83,58990,23,'2000-07-28',2,'N','P','P'),(537,85,60306,23,'2000-08-30',2,'N','N','N'),(538,86,59691,23,'2000-08-15',2,'P','P','N'),(539,87,60480,23,'2000-09-04',2,'P','P','P'),(540,88,59819,23,'2000-08-17',2,'N','N','N'),(541,89,59692,23,'2000-08-15',2,'P','N','P'),(542,90,60470,23,'2000-09-04',2,'P','P','P'),(543,91,59690,23,'2000-08-15',2,'N','N','N'),(544,92,60636,23,'2000-09-07',2,'P','N','N'),(545,93,59693,23,'2000-08-15',2,'N','P','N'),(546,94,59689,23,'2000-08-15',2,'N','P','P'),(547,95,59946,23,'2000-08-22',2,'P','P','P'),(548,96,61168,23,'2000-09-19',2,'N','P','N'),(549,97,60476,23,'2000-09-04',2,'P','N','P'),(550,98,60479,23,'2000-09-04',2,'N','N','N'),(551,99,64217,23,'2000-11-30',2,'P','P','P'),(552,100,60472,23,'2000-09-04',2,'N','P','P'),(553,101,64218,23,'2000-11-30',2,'P','N','N'),(554,102,61402,23,'2000-09-25',2,'N','N','N'),(555,103,90478,23,'2000-09-04',2,'P','P','N'),(556,104,63669,23,'2000-12-03',2,'P','P','P'),(557,105,60477,23,'2000-09-04',2,'N','N','N'),(558,106,60634,23,'2000-09-07',2,'P','N','P'),(559,107,60632,23,'2000-09-07',2,'P','P','P'),(560,108,60635,23,'2000-09-07',2,'N','N','N'),(561,109,61473,23,'2000-09-25',2,'P','N','N'),(562,110,60709,23,'2000-09-08',2,'N','P','N'),(563,111,61965,23,'2000-10-06',2,'N','P','P'),(564,112,62122,23,'2000-10-26',2,'P','P','P'),(565,113,61475,23,'2000-09-26',2,'N','P','N'),(566,114,61334,23,'2000-09-22',2,'P','N','P'),(567,115,65451,23,'2001-01-11',2,'N','N','N'),(568,116,61463,23,'2000-09-25',2,'P','P','P'),(569,117,61407,23,'2000-09-25',2,'N','P','P'),(570,118,61408,23,'2000-09-25',2,'P','N','N'),(571,119,61401,23,'2000-09-25',2,'N','N','N'),(572,120,61410,23,'2000-09-25',2,'P','P','N'),(573,121,61404,23,'2000-09-25',2,'P','P','P'),(574,122,61474,23,'2000-09-26',2,'N','N','N'),(575,123,62088,23,'2000-10-10',2,'P','N','P'),(576,124,61962,23,'2000-06-10',2,'P','P','P'),(577,125,61959,23,'2000-10-06',2,'N','N','N'),(578,126,61961,11,'2000-10-06',2,'P','N','N'),(579,127,61961,11,'2000-10-06',2,'N','P','N'),(580,128,61405,11,'2000-09-25',2,'N','P','P'),(581,129,62086,11,'2000-10-10',2,'P','P','P'),(582,130,61638,11,'2000-09-29',2,'N','P','N'),(583,131,61406,11,'2000-09-25',2,'P','N','P'),(584,132,62245,11,'2000-10-13',2,'N','N','N'),(585,133,60557,11,'2000-09-05',2,'P','P','P'),(586,134,61540,11,'2000-09-27',2,'N','P','P'),(587,135,61721,11,'2000-10-02',2,'P','P','N'),(588,136,61958,11,'2000-10-06',2,'P','P','P'),(589,137,62130,11,'2000-10-10',2,'N','N','N'),(590,138,64002,11,'2000-11-27',2,'P','N','P'),(591,139,63170,11,'2000-11-06',2,'P','P','P'),(592,140,57529,11,'2000-06-20',2,'N','N','N'),(593,141,62779,11,'2000-10-26',2,'P','N','N'),(594,142,62872,11,'2000-10-30',2,'N','P','N'),(595,143,62877,11,'2000-10-30',2,'N','P','P'),(596,144,62874,11,'2000-10-30',2,'P','P','P'),(597,145,63592,11,'2000-11-12',2,'N','P','N'),(598,146,63221,11,'2000-11-07',2,'P','N','P'),(599,147,63226,11,'2000-11-07',2,'N','N','N'),(600,148,64001,11,'2000-11-27',2,'P','P','P'),(601,149,63166,11,'2000-11-06',2,'N','P','P'),(602,150,63536,11,'2000-11-14',2,'P','N','N'),(603,151,68196,11,'2001-03-13',2,'N','N','N'),(604,152,63172,11,'2000-11-06',2,'P','P','N'),(605,153,67320,11,'2001-02-20',2,'P','P','P'),(606,154,63220,11,'2000-11-07',2,'N','N','N'),(607,155,69404,11,'2001-04-17',2,'P','N','P'),(608,156,69099,11,'2001-01-30',2,'P','P','P'),(609,157,63894,11,'2001-11-22',2,'N','N','N'),(610,158,63896,11,'2001-11-22',2,'P','N','N'),(611,159,63663,11,'2000-11-16',2,'N','P','N'),(612,160,63664,11,'2000-11-16',2,'N','P','P'),(613,161,63427,11,'2000-11-10',2,'P','P','P'),(614,162,63668,11,'2000-11-16',2,'N','P','N'),(615,163,68360,11,'2000-11-21',2,'P','N','P'),(616,164,63667,11,'2000-11-16',2,'N','N','N'),(617,165,64611,11,'2000-12-12',2,'P','P','P'),(618,166,64072,11,'2000-11-18',2,'N','P','P'),(619,167,64381,11,'2000-12-01',2,'P','N','N'),(620,168,63892,11,'2000-11-22',2,'N','N','N'),(621,169,63897,11,'2000-11-22',2,'P','P','N'),(622,170,64889,11,'2000-12-19',2,'P','P','P'),(623,171,63898,11,'2000-11-22',2,'N','N','N'),(624,172,63893,11,'2000-11-22',2,'P','N','P'),(625,173,63895,11,'2000-11-22',2,'P','P','P'),(626,174,58954,11,'2001-04-03',2,'N','N','N'),(627,175,65450,11,'2001-01-11',2,'P','N','N'),(628,176,65666,6,'2001-01-16',2,'N','P','N'),(629,177,65354,6,'2001-01-10',2,'N','P','P'),(630,178,65719,6,'2001-01-17',2,'P','P','P'),(631,179,65449,6,'2001-01-11',2,'N','P','N'),(632,180,65448,6,'2001-01-11',2,'P','N','P'),(633,181,65452,6,'2001-01-11',2,'N','N','N'),(634,182,65355,6,'2001-01-10',2,'P','P','P'),(635,183,65453,6,'2001-01-11',2,'N','P','P'),(636,184,65521,6,'2001-01-12',2,'P','N','N'),(637,185,68060,6,'2001-03-09',2,'N','N','N'),(638,186,62522,6,'2001-01-12',2,'P','P','N'),(639,187,65524,6,'2001-01-19',2,'P','P','P'),(640,188,67183,6,'2001-02-16',2,'N','N','N'),(641,189,65523,6,'2001-01-12',2,'P','N','P'),(642,190,66447,6,'2001-02-01',2,'P','P','P'),(643,191,67108,6,'2001-02-15',2,'N','N','N'),(644,192,65525,6,'2001-01-12',2,'P','N','N'),(645,193,68706,6,'2001-03-27',2,'N','P','N'),(646,194,67733,6,'2001-03-02',2,'N','P','P'),(647,195,66060,6,'2001-01-24',2,'P','P','P'),(648,196,68957,6,'2001-04-03',2,'N','P','N'),(649,197,66055,6,'2001-01-24',2,'P','N','P'),(650,198,66058,6,'2001-01-24',2,'N','N','N'),(651,199,66056,6,'2001-01-24',2,'P','P','P'),(652,200,66113,6,'2001-01-25',2,'N','P','P'),(653,201,66061,6,'2001-01-24',2,'P','N','N'),(654,202,66985,6,'2001-02-13',2,'N','N','N'),(655,203,66838,6,'2001-02-09',2,'P','P','N'),(656,204,66664,6,'2001-02-06',2,'P','P','P'),(657,205,67179,6,'2001-02-16',2,'N','N','N'),(658,206,67182,6,'2001-02-16',2,'P','N','P'),(659,207,66656,6,'2001-02-06',2,'P','P','P'),(660,208,66662,6,'2001-02-06',2,'N','N','N'),(661,209,68035,6,'2001-03-12',2,'P','N','N'),(662,210,66669,6,'2001-02-06',2,'N','P','N'),(663,211,65226,34,'2001-01-08',2,'N','P','P'),(664,212,72774,34,'2001-07-17',2,'P','P','P'),(665,213,73257,34,'2001-07-31',2,'N','P','N'),(666,214,66578,34,'2001-02-05',2,'P','N','P'),(667,215,66654,34,'2001-02-06',2,'N','N','N'),(668,216,66575,34,'2001-02-05',2,'P','P','P'),(669,217,67785,34,'2001-03-05',2,'N','P','P'),(670,218,69110,34,'2001-04-06',2,'P','N','N'),(671,219,67526,34,'2001-02-26',2,'N','N','N'),(672,220,71317,34,'2001-06-06',2,'P','P','N'),(673,221,73470,34,'2001-08-02',2,'P','P','P'),(674,222,68257,34,'2001-03-14',2,'N','N','N'),(675,223,67532,34,'2001-02-26',2,'P','N','P'),(676,224,70208,34,'2001-05-09',2,'P','P','P'),(677,225,68134,34,'2001-03-12',2,'N','N','N'),(678,226,67784,34,'2001-03-05',2,'P','N','N'),(679,227,68364,34,'2001-03-16',2,'N','P','N'),(680,228,67781,34,'2001-03-05',2,'N','P','P'),(681,229,68198,34,'2001-03-13',2,'P','P','P'),(682,230,57528,34,'2000-06-26',2,'N','P','N'),(683,231,68133,34,'2001-03-12',2,'P','N','P'),(684,232,74919,34,'2001-09-11',2,'N','N','N'),(685,233,69291,34,'2001-04-11',2,'P','P','P'),(686,234,73864,34,'2001-08-15',2,'N','P','P'),(687,235,70997,34,'2001-05-30',2,'P','N','N'),(688,236,68573,34,'2001-03-23',2,'N','N','N'),(689,237,68361,34,'2001-03-16',2,'P','P','N'),(690,238,68300,34,'2001-03-15',2,'P','P','P'),(691,239,68363,34,'2001-03-16',2,'N','N','N'),(692,240,70271,34,'2001-05-10',2,'P','N','P'),(693,241,68710,34,'2001-03-27',2,'P','P','P'),(694,242,68643,34,'2001-03-26',2,'N','N','N'),(695,243,67855,34,'2001-03-06',2,'P','N','N'),(696,244,68890,34,'2001-03-30',2,'N','P','N'),(697,245,68570,34,'2001-03-23',2,'N','P','P'),(698,246,69524,34,'2001-04-19',2,'P','P','P'),(699,247,71314,34,'2001-06-05',2,'N','P','N'),(700,248,68572,34,'2001-03-23',2,'P','N','P'),(701,249,68571,34,'2001-03-23',2,'N','N','N'),(702,250,73828,34,'2001-08-14',2,'P','P','P'),(703,251,70320,34,'2001-05-11',2,'N','P','P'),(704,252,70528,34,'2001-05-17',2,'P','N','N'),(705,253,70996,34,'2001-05-30',2,'N','N','N'),(706,254,70829,34,'2001-05-24',2,'P','P','N'),(707,255,70323,34,'2001-05-11',2,'P','P','P'),(708,256,70321,34,'2001-05-11',2,'N','N','N'),(709,257,70407,34,'2001-05-16',2,'P','N','P'),(710,258,70206,34,'2001-05-09',2,'P','P','P'),(711,259,60325,34,'2001-05-11',2,'N','N','N'),(712,260,70384,34,'2001-05-14',2,'P','N','N'),(713,261,73081,19,'2001-07-26',2,'N','P','N'),(714,262,70428,19,'2001-05-15',2,'N','P','P'),(715,263,70432,19,'2001-05-15',2,'P','P','P'),(716,264,71795,19,'2001-06-21',2,'N','P','N'),(717,265,70433,19,'2001-05-15',2,'P','N','P'),(718,266,70430,19,'2001-05-15',2,'N','N','N'),(719,267,76101,19,'2001-10-16',2,'P','P','P'),(720,268,70431,19,'2001-05-15',2,'N','P','P'),(721,269,78298,19,'2001-12-11',2,'P','P','N'),(722,270,74078,19,'2001-08-22',2,'P','P','P'),(723,271,73865,19,'2001-08-15',2,'N','N','N'),(724,272,71088,19,'2001-06-01',2,'P','N','P'),(725,273,70953,19,'2001-05-29',2,'P','P','P'),(726,274,70951,19,'2001-05-29',2,'N','N','N'),(727,275,71799,19,'2001-06-21',2,'P','N','N'),(728,276,73129,19,'2001-07-27',2,'N','P','N'),(729,277,70948,19,'2001-05-29',2,'N','P','P'),(730,278,81161,19,'2002-03-14',2,'P','P','P'),(731,279,73261,19,'2001-07-31',2,'N','P','N'),(732,280,71797,19,'2001-06-11',2,'P','N','P'),(733,281,74258,19,'2001-08-24',2,'N','N','N'),(734,282,75330,19,'2001-09-20',2,'P','P','P'),(735,283,71994,19,'2001-06-26',2,'N','P','P'),(736,284,72053,19,'2001-06-27',2,'P','N','N'),(737,285,70887,19,'2001-05-28',2,'N','N','N'),(738,286,73836,19,'2001-08-14',2,'P','P','N'),(739,287,71791,19,'2001-06-21',2,'P','P','P'),(740,288,71794,19,'2001-06-21',2,'N','N','N'),(741,289,71796,19,'2001-06-29',2,'P','N','P'),(742,290,71786,19,'2001-06-21',2,'P','P','P'),(743,291,72054,19,'2001-06-27',2,'N','N','N'),(744,292,71793,19,'2001-06-21',2,'P','N','N'),(745,293,74004,19,'2001-08-01',2,'N','P','N'),(746,294,71792,19,'2001-06-21',2,'N','P','P'),(747,295,72443,19,'2001-07-06',2,'P','P','P'),(748,296,72444,19,'2001-07-06',2,'N','P','N'),(749,297,72445,19,'2001-07-06',2,'P','N','P'),(750,298,76149,19,'2001-10-19',2,'N','N','N'),(751,299,71855,19,'2001-06-22',2,'P','P','P'),(752,300,73675,19,'2001-08-09',2,'N','P','P'),(753,301,72827,19,'2001-07-20',2,'P','N','N'),(754,302,79026,19,'2002-01-14',2,'N','N','N'),(755,303,77953,19,'2001-11-30',2,'P','P','N'),(756,304,73834,19,'2001-08-14',2,'P','P','P'),(757,305,72953,19,'2001-07-24',2,'N','N','N'),(758,306,73469,19,'2001-08-02',2,'P','N','P'),(759,307,74502,19,'2001-08-31',2,'P','P','P'),(760,308,73833,19,'2001-08-14',2,'N','N','N'),(761,309,74252,19,'2001-08-24',2,'P','N','N'),(762,310,74250,19,'2001-08-24',2,'N','P','N'),(763,311,78470,17,'2001-12-18',2,'N','P','P'),(764,312,73827,17,'2001-08-14',2,'P','P','P'),(765,313,73830,17,'2001-08-14',2,'N','P','N'),(766,314,76151,17,'2001-10-19',2,'P','N','P'),(767,315,75395,17,'2001-09-21',2,'N','N','N'),(768,316,74251,17,'2001-08-24',2,'P','P','P'),(769,317,79027,17,'2002-01-14',2,'N','P','P'),(770,318,74158,17,'2001-08-23',2,'P','N','N'),(771,319,74079,17,'2001-08-22',2,'N','N','N'),(772,320,74080,17,'2001-08-22',2,'P','P','N'),(773,321,75105,17,'2001-09-14',2,'P','P','P'),(774,322,75828,17,'2001-10-03',2,'N','N','N'),(775,323,74010,17,'2001-08-21',2,'P','N','P'),(776,324,75329,17,'2001-09-20',2,'P','P','P'),(777,325,74256,17,'2001-08-24',2,'N','N','N'),(778,326,75532,17,'2001-09-25',2,'P','N','N'),(779,327,74782,17,'2001-09-07',2,'N','P','N'),(780,328,107202,17,'2001-11-11',2,'N','P','P'),(781,329,75527,17,'2001-09-25',2,'P','P','P'),(782,330,75621,17,'2001-09-27',2,'N','P','N'),(783,331,75623,17,'2001-09-27',2,'P','N','P'),(784,332,76147,17,'2001-10-18',2,'N','N','N'),(785,333,76148,17,'2001-10-18',2,'P','P','P'),(786,334,79749,17,'2002-02-01',2,'N','P','P'),(787,335,77711,17,'2001-11-23',2,'P','N','N'),(788,336,78461,17,'2001-12-18',2,'N','N','N'),(789,337,78928,17,'2002-01-10',2,'P','P','N'),(790,338,88286,17,'2002-09-27',2,'P','P','P'),(791,339,78416,17,'2001-12-17',2,'N','N','N'),(792,340,77707,17,'2001-11-23',2,'P','N','P'),(793,341,80931,17,'2002-03-07',2,'P','P','P'),(794,342,77812,17,'2001-01-27',2,'N','N','N'),(795,343,75335,17,'2001-09-20',2,'P','N','N'),(796,344,78379,17,'2001-12-14',2,'N','P','N'),(797,345,78596,17,'2001-12-27',2,'N','P','P'),(798,346,78302,17,'2001-12-11',2,'P','P','P'),(799,347,80832,17,'2002-03-05',2,'N','P','N'),(800,348,78780,17,'2002-01-07',2,'P','N','P'),(801,349,78301,17,'2001-12-11',2,'N','N','N'),(802,350,78706,17,'2002-01-03',2,'P','P','P'),(803,351,78167,3,'2001-12-06',2,'N','P','P'),(804,352,78980,3,'2002-01-11',2,'P','N','N'),(805,353,78379,3,'2001-12-14',2,'N','N','N'),(806,354,59219,3,'2000-08-03',2,'P','P','N'),(807,355,79085,3,'2002-01-15',2,'P','P','P'),(808,356,80597,3,'2002-02-26',2,'N','N','N'),(809,357,78599,3,'2001-12-27',2,'P','N','P'),(810,358,65777,3,'2001-01-17',2,'P','P','P'),(811,359,78983,3,'2002-01-11',2,'N','N','N'),(812,360,78466,3,'2001-12-18',2,'P','N','N'),(813,361,78525,3,'2001-12-20',2,'N','P','N'),(814,362,79480,3,'2002-01-24',2,'N','P','P'),(815,363,78927,3,'2002-01-10',2,'P','P','P'),(816,364,78923,3,'2002-01-10',2,'N','P','N'),(817,365,79704,3,'2002-01-31',2,'P','N','P'),(818,366,79367,3,'2002-01-22',2,'N','N','N'),(819,367,79232,3,'2002-01-18',2,'P','P','P'),(820,368,78415,3,'2001-12-17',2,'N','P','P'),(821,369,79115,3,'2002-01-17',2,'P','N','N'),(822,370,79747,3,'2002-02-01',2,'N','N','N'),(823,371,80219,3,'2002-02-15',2,'P','P','N'),(824,372,79751,3,'2002-02-01',2,'P','P','P'),(825,373,79748,3,'2002-02-01',2,'N','N','N'),(826,374,80887,3,'2002-03-06',2,'P','N','P'),(827,375,80078,3,'2002-02-12',2,'P','P','P'),(828,376,80080,3,'2002-02-12',2,'N','N','N'),(829,377,79606,3,'2002-01-29',2,'P','N','N'),(830,378,88848,3,'2002-10-11',2,'N','P','N'),(831,379,878279,3,'2002-09-06',2,'N','P','P'),(832,380,85765,3,'2002-07-30',2,'P','P','P'),(833,381,86084,3,'2002-08-06',2,'N','P','N'),(834,382,85768,3,'2002-07-30',2,'P','N','P'),(835,383,86537,3,'2002-08-16',2,'N','N','N'),(836,384,85619,3,'2002-07-26',2,'P','P','P'),(837,385,85767,3,'2002-07-30',2,'N','P','P'),(838,386,92038,3,'2003-01-10',2,'P','N','N'),(839,387,86478,3,'2002-08-15',2,'N','N','N'),(840,388,86477,3,'2002-08-15',2,'P','P','N'),(841,389,86476,3,'2002-08-15',2,'P','P','P'),(842,390,67644,3,'2002-09-16',2,'N','N','N'),(843,391,89536,3,'2002-10-31',2,'P','N','P'),(844,392,96764,3,'2003-05-22',2,'P','P','P'),(845,393,88775,3,'2002-10-10',2,'N','N','N'),(846,394,86761,3,'2002-08-23',2,'P','N','N'),(847,395,86759,3,'2002-08-23',2,'N','P','N'),(848,396,86262,3,'2002-08-09',2,'N','P','P'),(849,397,86258,3,'2002-08-09',2,'P','P','P'),(850,398,86260,3,'2002-08-09',2,'N','P','N'),(851,399,86866,3,'2002-08-27',2,'P','N','P'),(852,400,87501,3,'2002-09-12',2,'N','N','N'),(853,401,92037,10,'2003-01-10',2,'P','P','P'),(854,402,89025,10,'2002-10-18',2,'N','P','P'),(855,403,91574,10,'2002-12-26',2,'P','P','N'),(856,404,91502,10,'2002-12-20',2,'P','P','P'),(857,405,91573,10,'2002-12-26',2,'N','N','N'),(858,406,92570,10,'2003-01-24',2,'P','N','P'),(859,407,91576,10,'2002-12-26',2,'P','P','P'),(860,408,91578,10,'2002-12-26',2,'N','N','N'),(861,409,89023,10,'2002-10-17',2,'P','N','N'),(862,410,89022,10,'2002-10-17',2,'N','P','N'),(863,411,92247,10,'2003-01-16',2,'N','P','P'),(864,412,90554,10,'2002-11-26',2,'P','P','P'),(865,413,91630,10,'2002-12-27',2,'N','P','N'),(866,414,91632,10,'2002-12-27',2,'P','N','P'),(867,415,91633,10,'2002-12-27',2,'N','N','N'),(868,416,90396,10,'2002-11-21',2,'P','P','P'),(869,417,90556,10,'2002-11-26',2,'N','P','P'),(870,418,91117,10,'2002-12-10',2,'P','N','N'),(871,419,94435,10,'2003-03-14',2,'N','N','N'),(872,420,90949,10,'2002-12-05',2,'P','P','N'),(873,421,90283,10,'2002-11-19',2,'P','P','P'),(874,422,91314,10,'2002-12-16',2,'N','N','N'),(875,423,91316,10,'2002-12-16',2,'P','N','P'),(876,424,92458,10,'2003-01-22',2,'P','P','P'),(877,425,91882,10,'2003-01-07',2,'N','N','N'),(878,426,92683,33,'2003-01-28',2,'P','N','N'),(879,427,93369,33,'2003-02-14',2,'N','P','N'),(880,428,92681,33,'2003-01-28',2,'N','P','P'),(881,429,92925,33,'2003-02-11',2,'P','P','P'),(882,430,93363,33,'2003-02-14',2,'N','P','N'),(883,431,92680,33,'2003-01-28',2,'P','N','P'),(884,432,92684,33,'2003-01-28',2,'N','N','N'),(885,433,92679,33,'2003-01-28',2,'P','P','P'),(886,434,93043,33,'2003-02-06',2,'N','P','P'),(887,435,93893,33,'2003-02-27',2,'P','N','N'),(888,436,98914,33,'2003-07-15',2,'N','N','N'),(889,437,98045,33,'2003-06-24',2,'P','P','N'),(890,438,97180,33,'2003-06-03',2,'P','P','P'),(891,439,95953,33,'2003-04-29',2,'N','N','N'),(892,440,92927,33,'2003-02-04',2,'P','N','P'),(893,441,98295,33,'2003-06-27',2,'P','P','P'),(894,442,99818,33,'2003-08-01',2,'N','N','N'),(895,443,98773,33,'2003-07-11',2,'P','N','N'),(896,444,111347,33,'2004-05-19',2,'N','P','N'),(897,445,98768,33,'2003-07-11',2,'N','P','P'),(898,446,101704,33,'2003-09-06',2,'P','P','P'),(899,447,97634,33,'2003-06-13',2,'N','P','N'),(900,448,98713,33,'2003-07-10',2,'P','N','P'),(901,449,103818,33,'2003-10-31',2,'N','N','N'),(902,450,103056,33,'2003-10-16',2,'P','P','P'),(903,451,103112,33,'2003-10-17',2,'N','P','P'),(904,452,102367,33,'2003-09-30',2,'P','N','N'),(905,453,109321,33,'2004-03-25',2,'N','N','N'),(906,454,105325,33,'2003-12-09',2,'P','P','N'),(907,455,103618,33,'2003-10-28',2,'P','P','P'),(908,456,106391,33,'2004-01-13',2,'N','N','N'),(909,457,104362,33,'2003-11-13',2,'P','N','P'),(910,458,105428,33,'2003-12-11',2,'P','P','P'),(911,459,105874,33,'2003-12-23',2,'N','N','N'),(912,460,109374,33,'2004-03-26',2,'P','N','N'),(913,461,105324,33,'2003-12-09',2,'N','P','N'),(914,462,105497,33,'2003-12-12',2,'N','P','P'),(915,463,106197,33,'2004-01-08',2,'P','P','P'),(916,464,107682,33,'2004-02-13',2,'N','P','N'),(917,465,107202,33,'2004-02-03',2,'P','N','P'),(918,466,108147,33,'2004-02-25',2,'N','N','N'),(919,467,106827,33,'2004-01-23',2,'P','P','P'),(920,468,108551,33,'2004-03-05',2,'N','P','P'),(921,469,106393,33,'2004-01-13',2,'P','N','N'),(922,470,108817,33,'2004-03-12',2,'N','N','N'),(923,1,74006,8,'2001-08-21',3,'P','N','P'),(924,2,72772,8,'2001-07-17',3,'P','P','P'),(925,3,72572,8,'2001-07-11',3,'N','N','N'),(926,4,72734,8,'2001-07-16',3,'P','N','N'),(927,5,72773,8,'2001-07-17',3,'N','P','N'),(928,6,79571,8,'2001-07-11',3,'N','P','P'),(929,7,73680,8,'2001-08-09',3,'P','P','P'),(930,8,72732,8,'2001-07-16',3,'N','P','N'),(931,9,72733,8,'2001-07-16',3,'P','N','P'),(932,10,72735,8,'2001-07-16',3,'N','N','N'),(933,11,74257,8,'2001-08-26',3,'P','P','P'),(934,12,73569,8,'2001-08-07',3,'N','P','P'),(935,13,73679,8,'2001-08-09',3,'P','N','N'),(936,14,73677,8,'2001-08-09',3,'N','N','N'),(937,15,86195,8,'2002-08-08',3,'P','P','N'),(938,16,73674,8,'2001-08-09',3,'P','P','P'),(939,17,71684,8,'2001-06-19',3,'N','N','N'),(940,18,77811,8,'2001-11-27',3,'P','N','P'),(941,19,73571,8,'2001-08-07',3,'P','P','P'),(942,20,76974,8,'2001-11-07',3,'N','N','N'),(943,21,74011,8,'2001-08-21',3,'P','N','N'),(944,22,74012,8,'2001-08-21',3,'N','P','N'),(945,23,74354,8,'2001-08-28',3,'N','P','P'),(946,24,75622,8,'2001-01-27',3,'P','P','P'),(947,25,74351,8,'2001-08-28',3,'N','P','N'),(948,26,74007,8,'2001-08-21',3,'P','N','P'),(949,27,74630,8,'2001-09-04',3,'N','N','N'),(950,28,74255,8,'2001-08-24',3,'P','P','P'),(951,29,74009,8,'2001-08-21',3,'P','N','P'),(952,30,73829,8,'2001-08-14',3,'P','P','P'),(953,31,77659,8,'2001-11-22',3,'N','N','N'),(954,32,76301,8,'2001-10-23',3,'P','N','N'),(955,33,75104,8,'2001-09-14',3,'N','P','N'),(956,34,76153,8,'2001-10-18',3,'N','P','P'),(957,35,75203,8,'2001-09-18',3,'P','P','P'),(958,36,74629,8,'2001-09-04',3,'N','P','N'),(959,37,77815,8,'2001-11-27',3,'P','N','P'),(960,38,74736,8,'2001-09-06',3,'N','N','N'),(961,39,75197,8,'2001-09-18',3,'P','P','P'),(962,40,76909,8,'2001-11-06',3,'N','P','P'),(963,41,71187,8,'2001-06-06',3,'P','N','N'),(964,42,76444,8,'2001-10-25',3,'N','N','N'),(965,43,76373,8,'2001-10-24',3,'P','P','N'),(966,44,75779,8,'2001-10-02',3,'P','P','P'),(967,45,76442,8,'2001-10-25',3,'N','N','N'),(968,46,78703,8,'2002-01-03',3,'P','N','P'),(969,47,75525,8,'2001-09-25',3,'P','P','P'),(970,48,75530,8,'2001-09-25',3,'N','N','N'),(971,49,75533,16,'2001-09-25',3,'P','N','N'),(972,50,87712,16,'2002-09-17',3,'N','P','N'),(973,51,87711,16,'2002-09-17',3,'N','P','P'),(974,52,91481,16,'2002-12-19',3,'P','P','P'),(975,53,86199,16,'2002-08-08',3,'N','P','N'),(976,54,89287,16,'2002-10-24',3,'P','N','P'),(977,55,89026,16,'2002-10-17',3,'N','N','N'),(978,56,87880,16,'2002-09-20',3,'P','P','P'),(979,57,89343,16,'2002-10-25',3,'P','N','P'),(980,58,90457,16,'2002-11-22',3,'P','P','P'),(981,59,89185,16,'2002-10-22',3,'N','N','N'),(982,60,89894,16,'2002-11-08',3,'P','N','N'),(983,61,89450,16,'2002-10-29',3,'N','P','N'),(984,62,88776,16,'2002-10-10',3,'N','P','P'),(985,63,90397,16,'2002-11-21',3,'P','P','P'),(986,64,90401,16,'2002-11-21',3,'N','P','N'),(987,65,89083,16,'2002-10-18',3,'P','N','P'),(988,66,90722,16,'2002-11-29',3,'N','N','N'),(989,67,90721,16,'2002-11-29',3,'P','P','P'),(990,68,92508,16,'2003-01-23',3,'N','P','P'),(991,69,94696,16,'2003-03-21',3,'P','N','N'),(992,70,94647,16,'2003-03-20',3,'N','N','N'),(993,71,94645,16,'2003-03-20',3,'P','P','N'),(994,72,94644,16,'2003-03-20',3,'P','P','P'),(995,73,94552,16,'2003-03-18',3,'N','N','N'),(996,74,94699,16,'2003-03-21',3,'P','N','P'),(997,75,94433,16,'2003-03-14',3,'P','P','P'),(998,76,98916,16,'2003-07-15',3,'N','N','N'),(999,77,96302,16,'2003-05-09',3,'P','N','N'),(1000,78,94431,16,'2003-03-14',3,'N','P','N'),(1001,79,96413,16,'2003-05-13',3,'N','P','P'),(1002,80,95702,16,'2003-04-22',3,'P','P','P'),(1003,81,94550,16,'2003-03-18',3,'N','P','N'),(1004,82,94549,16,'2003-03-18',3,'P','N','P'),(1005,83,94702,16,'2003-03-21',3,'N','N','N'),(1006,84,95554,16,'2003-04-15',3,'P','P','P'),(1007,85,95955,16,'2003-04-29',3,'P','N','P'),(1008,86,95801,16,'2003-04-24',3,'P','P','P'),(1009,87,95802,16,'2003-04-24',3,'N','N','N'),(1010,88,98051,16,'2003-06-24',3,'P','N','N'),(1011,89,98772,16,'2003-07-11',3,'N','P','N'),(1012,90,94701,16,'2003-03-21',3,'N','P','P'),(1013,91,95695,16,'2003-04-22',3,'P','P','P'),(1014,92,95697,16,'2003-04-22',3,'N','P','N'),(1015,93,95376,16,'2003-04-10',3,'P','N','P'),(1016,94,95373,16,'2003-10-04',3,'N','N','N'),(1017,95,90175,16,'2002-11-15',3,'P','P','P'),(1018,96,95372,28,'2003-04-10',3,'N','P','P'),(1019,97,95701,28,'2003-04-22',3,'P','N','N'),(1020,98,97036,28,'2003-05-29',3,'N','N','N'),(1021,99,98047,28,'2003-06-24',3,'P','P','N'),(1022,100,100908,28,'2003-08-29',3,'P','P','P'),(1023,101,100216,28,'2003-08-12',3,'N','N','N'),(1024,102,98913,28,'2003-07-17',3,'P','N','P'),(1025,103,100907,28,'2003-08-29',3,'P','P','P'),(1026,104,101877,28,'2003-09-19',3,'N','N','N'),(1027,105,103957,28,'2003-10-04',3,'P','N','N'),(1028,106,102162,28,'2003-09-25',3,'N','P','N'),(1029,107,103235,28,'2003-10-21',3,'N','P','P'),(1030,108,98353,28,'2003-07-01',3,'P','P','P'),(1031,109,98354,28,'2003-07-01',3,'N','P','N'),(1032,110,99467,28,'2003-07-25',3,'P','N','P'),(1033,111,100912,28,'2003-08-29',3,'N','N','N'),(1034,112,100569,28,'2003-08-21',3,'P','P','P'),(1035,113,99821,28,'2003-08-01',3,'P','N','P'),(1036,114,99472,28,'2003-07-25',3,'P','P','P'),(1037,115,98910,28,'2003-07-15',3,'N','N','N'),(1038,116,105237,28,'2003-12-04',3,'P','N','N'),(1039,117,99089,28,'2003-07-18',3,'N','P','N'),(1040,118,99258,28,'2003-07-22',3,'N','P','P'),(1041,119,102221,28,'2003-09-26',3,'P','P','P'),(1042,120,105013,28,'2003-11-28',3,'N','P','N'),(1043,121,102370,28,'2003-09-30',3,'P','N','P'),(1044,122,102703,28,'2003-10-07',3,'N','N','N'),(1045,123,103238,28,'2003-10-21',3,'P','P','P'),(1046,124,102549,28,'2003-10-31',3,'N','P','P'),(1047,125,102366,28,'2003-09-30',3,'P','N','N'),(1048,126,103458,28,'2003-10-24',3,'N','N','N'),(1049,127,105625,28,'2003-12-16',3,'P','P','N'),(1050,128,108258,28,'2004-02-27',3,'P','P','P'),(1051,129,107377,28,'2004-02-06',3,'N','N','N'),(1052,130,107199,28,'2004-02-03',3,'P','N','P'),(1053,131,108658,28,'2004-03-08',3,'P','P','P'),(1054,132,109479,28,'2004-03-30',3,'N','N','N'),(1055,133,109023,28,'2004-03-18',3,'P','N','N'),(1056,134,107661,28,'2004-02-13',3,'N','P','N'),(1057,135,110183,28,'2004-04-22',3,'N','P','P'),(1058,136,113385,28,'2004-07-20',3,'P','P','P'),(1059,137,107201,28,'2004-02-03',3,'N','P','N'),(1060,138,110249,28,'2004-04-23',3,'P','N','P'),(1061,139,123325,28,'2005-04-08',3,'N','N','N'),(1062,140,109076,28,'2004-03-19',3,'P','P','P'),(1063,141,107656,28,'2004-02-13',3,'P','N','P'),(1064,142,112280,28,'2004-06-18',3,'P','P','P'),(1065,143,109553,28,'2004-04-01',3,'N','N','N'),(1066,144,114815,28,'2004-08-26',3,'P','N','N'),(1067,145,111026,28,'2004-05-13',3,'N','P','N'),(1068,146,114071,30,'2004-08-05',3,'N','P','P'),(1069,147,112504,30,'2004-06-25',3,'P','P','P'),(1070,148,109899,30,'2007-04-15',3,'N','P','N'),(1071,149,108483,30,'2004-03-04',3,'P','N','P'),(1072,150,110098,30,'2004-04-20',3,'N','N','N'),(1073,151,108660,30,'2004-03-09',3,'P','P','P'),(1074,152,113813,30,'2004-07-29',3,'N','P','P'),(1075,153,110243,30,'2004-04-23',3,'P','N','N'),(1076,154,110731,30,'2004-05-06',3,'N','N','N'),(1077,155,107659,30,'2002-10-13',3,'P','P','N'),(1078,156,107513,30,'2004-02-10',3,'P','P','P'),(1079,157,107310,30,'2004-02-05',3,'N','N','N'),(1080,158,104634,30,'2003-11-20',3,'P','N','P'),(1081,159,115189,30,'2004-09-03',3,'P','P','P'),(1082,160,106783,30,'2004-01-22',3,'N','N','N'),(1083,161,107658,30,'2004-02-13',3,'P','N','N'),(1084,162,110787,30,'2004-05-07',3,'N','P','N'),(1085,163,108662,30,'2004-03-08',3,'N','P','P'),(1086,164,105727,30,'2003-02-18',3,'P','P','P'),(1087,165,106941,30,'2003-01-23',3,'N','P','N'),(1088,166,120721,30,'2005-02-01',3,'P','N','P'),(1089,167,107113,30,'2004-01-30',3,'N','N','N'),(1090,168,116291,30,'2004-09-30',3,'P','P','P'),(1091,169,107109,30,'2004-01-20',3,'P','N','P'),(1092,170,108766,30,'2004-03-11',3,'P','P','P'),(1093,171,109323,30,'2004-03-25',3,'N','N','N'),(1094,172,112966,30,'2004-07-08',3,'P','N','N'),(1095,173,119396,30,'2004-12-21',3,'N','P','N'),(1096,174,110365,30,'2004-04-27',3,'N','P','P'),(1097,175,109207,30,'2004-03-23',3,'P','P','P'),(1098,176,109964,30,'2004-04-16',3,'N','P','N'),(1099,177,109656,30,'2004-04-06',3,'P','N','P'),(1100,178,110096,30,'2004-04-20',3,'N','N','N'),(1101,179,103114,30,'2003-10-17',3,'P','P','P'),(1102,180,111748,30,'2004-06-04',3,'N','P','P'),(1103,181,110636,30,'2004-05-04',3,'P','N','N'),(1104,182,113700,30,'2004-07-27',3,'N','N','N'),(1105,183,116950,30,'2004-10-19',3,'P','P','N'),(1106,184,112134,30,'2004-06-15',3,'P','P','P'),(1107,185,112722,30,'2004-07-01',3,'N','N','N'),(1108,186,113440,30,'2004-07-21',3,'P','N','P'),(1109,187,109936,30,'2004-04-15',3,'P','P','P'),(1110,188,110248,30,'2004-04-23',3,'N','N','N'),(1111,189,109480,30,'2004-03-30',3,'P','N','N'),(1112,190,112135,30,'2004-06-15',3,'N','P','N'),(1113,191,111475,30,'2004-05-27',3,'N','P','P'),(1114,192,111348,30,'2004-05-21',3,'P','P','P'),(1115,193,98659,30,'2003-07-08',3,'N','P','N'),(1116,194,104633,30,'2003-11-20',3,'P','N','P'),(1117,195,100322,30,'2003-08-14',3,'N','N','N'),(1118,196,106560,20,'2004-01-16',3,'P','P','P'),(1119,197,100804,20,'2003-08-27',3,'P','N','P'),(1120,198,98775,20,'2003-07-11',3,'P','P','P'),(1121,199,94052,20,'2003-03-04',3,'N','N','N'),(1122,200,101825,20,'2003-09-18',3,'P','N','N'),(1123,201,100859,20,'2003-08-28',3,'N','P','N'),(1124,202,100460,20,'2003-08-19',3,'N','P','P'),(1125,203,100028,20,'2003-08-07',3,'P','P','P'),(1126,204,99944,20,'2003-08-05',3,'N','P','N'),(1127,205,101345,20,'2003-09-09',3,'P','N','P'),(1128,206,102545,20,'2003-10-03',3,'N','N','N'),(1129,207,102548,20,'2003-10-03',3,'P','P','P'),(1130,208,104630,20,'2003-11-20',3,'N','P','P'),(1131,209,104849,20,'2003-11-25',3,'P','N','N'),(1132,210,101416,20,'2003-09-10',3,'N','N','N'),(1133,211,100461,20,'2003-08-19',3,'P','P','N'),(1134,212,104632,20,'2003-11-20',3,'P','P','P'),(1135,213,102368,20,'2003-09-30',3,'N','N','N'),(1136,214,104142,20,'2003-11-07',3,'P','N','P'),(1137,215,103051,20,'2003-10-16',3,'P','P','P'),(1138,216,103050,20,'2003-10-16',3,'N','N','N'),(1139,217,103052,20,'2003-10-16',3,'P','N','N'),(1140,218,105768,20,'2003-12-19',3,'N','P','N'),(1141,219,105766,20,'2003-12-19',3,'N','P','P'),(1142,220,101757,20,'2003-09-17',3,'P','P','P'),(1143,221,99093,20,'2003-07-18',3,'N','P','N'),(1144,222,101154,20,'2003-09-04',3,'P','N','P'),(1145,223,105772,20,'2003-12-19',3,'N','N','N'),(1146,224,100027,20,'2003-08-07',3,'P','P','P'),(1147,225,99096,20,'2003-07-18',3,'P','N','P'),(1148,226,103460,20,'2003-10-24',3,'P','P','P'),(1149,227,103109,20,'2003-10-17',3,'N','N','N'),(1150,228,107110,20,'2004-01-30',3,'P','N','N'),(1151,229,102850,20,'2003-10-10',3,'N','P','N'),(1152,230,102700,20,'2003-10-07',3,'N','P','P'),(1153,231,101953,20,'2003-09-22',3,'P','P','P'),(1154,232,101350,20,'2003-09-09',3,'N','P','N'),(1155,233,103450,20,'2003-10-24',3,'P','N','P'),(1156,234,102994,20,'2003-10-15',3,'N','N','N'),(1157,235,105427,20,'2003-12-11',3,'P','P','P'),(1158,236,103817,20,'2003-10-31',3,'N','P','P'),(1159,237,105012,20,'2003-11-28',3,'P','N','N'),(1160,238,104083,20,'2003-11-06',3,'N','N','N'),(1161,239,99822,20,'2003-08-01',3,'P','P','N'),(1162,240,104147,20,'2003-11-07',3,'P','P','P'),(1163,241,101342,20,'2003-09-09',3,'N','N','N'),(1164,243,98358,20,'2003-07-01',3,'P','N','P'),(1165,244,107779,20,'2004-02-17',3,'P','P','P'),(1166,245,101494,20,'2003-09-11',3,'N','N','N'),(1167,246,101493,20,'2003-09-11',3,'P','N','N'),(1168,247,109847,11,'2004-04-13',3,'N','P','N'),(1169,248,108349,11,'2004-03-02',3,'N','P','P'),(1170,249,103452,11,'2003-10-24',3,'P','P','P'),(1171,250,102921,11,'2003-10-14',3,'N','P','N'),(1172,251,100754,11,'2003-08-26',3,'P','N','P'),(1173,252,102481,11,'2003-10-02',3,'N','N','N'),(1174,253,102485,11,'2003-10-02',3,'P','P','P'),(1175,254,103107,11,'2003-10-17',3,'P','N','P'),(1176,255,95954,11,'2003-04-29',3,'P','P','P'),(1177,256,103954,11,'2003-11-04',3,'N','N','N'),(1178,257,108089,11,'2004-02-24',3,'P','N','N'),(1179,258,105282,11,'2003-12-05',3,'N','P','N'),(1180,260,108350,11,'2004-03-02',3,'N','P','P'),(1181,261,101879,11,'2003-09-19',3,'P','P','P'),(1182,262,95155,11,'2003-04-04',3,'N','P','N'),(1183,263,104636,11,'2003-11-20',3,'P','N','P'),(1184,264,105873,11,'2003-12-23',3,'N','N','N'),(1185,265,104701,11,'2003-11-21',3,'P','P','P'),(1186,266,107111,11,'2004-01-30',3,'N','P','P'),(1187,267,107883,11,'2004-02-19',3,'P','N','N'),(1188,268,105280,11,'2003-12-05',3,'N','N','N'),(1189,269,98216,11,'2003-06-27',3,'P','P','N'),(1190,270,105626,11,'2003-12-16',3,'P','P','P'),(1191,271,98523,11,'2003-03-04',3,'N','N','N'),(1192,272,102705,11,'2003-10-07',3,'P','N','P'),(1193,273,98769,11,'2003-07-11',3,'P','P','P'),(1194,274,106908,11,'2004-01-27',3,'N','N','N'),(1195,275,97856,11,'2003-06-19',3,'P','N','N'),(1196,276,100909,11,'2003-08-29',3,'N','P','N'),(1197,277,113572,11,'2004-07-23',3,'N','P','P'),(1198,278,101349,11,'2003-09-09',3,'P','P','P'),(1199,279,105725,11,'2003-12-18',3,'N','P','N'),(1200,280,105723,11,'2003-12-18',3,'P','N','P'),(1201,281,104365,11,'2003-11-13',3,'N','N','N'),(1202,282,109968,11,'2005-04-16',3,'P','P','P'),(1203,283,107107,11,'2004-01-30',3,'P','N','P'),(1204,284,106200,11,'2003-01-08',3,'P','P','P'),(1205,285,106198,11,'2003-01-08',3,'N','N','N'),(1206,286,102027,11,'2003-09-23',3,'P','N','N'),(1207,287,108091,11,'2004-02-24',3,'N','P','N'),(1208,288,108417,11,'2004-03-04',3,'N','P','P'),(1209,289,107106,11,'2007-01-30',3,'P','P','P'),(1210,290,113389,11,'2004-07-20',3,'N','P','N'),(1211,291,115104,11,'2004-09-02',3,'P','N','P'),(1212,292,115655,11,'2004-09-15',3,'N','N','N'),(1213,294,120962,11,'2005-02-08',3,'P','P','P'),(1214,295,118819,11,'2004-12-02',3,'N','P','P'),(1215,296,116839,11,'2004-10-15',3,'P','N','N'),(1216,297,118823,11,'2004-12-02',3,'N','N','N'),(1217,298,117806,11,'2004-11-09',3,'P','P','N'),(1218,299,114507,37,'2004-08-18',3,'P','P','P'),(1219,300,117075,37,'2004-10-21',3,'N','N','N'),(1220,301,116783,37,'2004-10-14',3,'P','N','P'),(1221,302,135800,37,'2006-02-13',3,'P','P','P'),(1222,303,135349,37,'2005-02-01',3,'N','N','N'),(1223,304,117802,37,'2004-11-09',3,'P','N','N'),(1224,305,118396,37,'2004-11-23',3,'N','P','N'),(1225,306,116461,37,'2004-10-05',3,'N','P','P'),(1226,307,115308,37,'2004-09-07',3,'P','P','P'),(1227,308,118508,37,'2004-11-25',3,'N','P','N'),(1228,309,106832,37,'2004-01-23',3,'P','N','P'),(1229,310,117602,37,'2004-11-04',3,'N','N','N'),(1230,311,108768,37,'2004-03-11',3,'P','P','P'),(1231,312,118289,37,'2004-11-19',3,'P','N','P'),(1232,313,116952,37,'2004-10-19',3,'P','P','P'),(1233,314,123975,37,'2005-04-16',3,'N','N','N'),(1234,315,120359,37,'2005-01-21',3,'P','N','N'),(1235,316,122115,37,'2005-03-08',3,'N','P','N'),(1236,317,122646,37,'2003-03-22',3,'N','P','P'),(1237,318,121946,37,'2005-03-03',3,'P','P','P'),(1238,319,123191,37,'2003-04-05',3,'N','P','N'),(1239,320,122274,37,'2005-03-11',3,'P','N','P'),(1240,321,123190,37,'2003-04-05',3,'N','N','N'),(1241,322,129624,37,'2004-09-16',3,'P','P','P'),(1242,323,124122,37,'2005-04-29',3,'N','P','P'),(1243,324,123717,37,'2005-06-19',3,'P','N','N'),(1244,326,123715,37,'2005-04-18',3,'N','N','N'),(1245,327,122275,37,'2005-03-11',3,'P','P','N'),(1246,328,123526,37,'2005-04-14',3,'P','P','P'),(1247,329,123069,37,'2005-04-01',3,'N','N','N'),(1248,330,130496,37,'2005-10-04',3,'P','N','P'),(1249,331,123869,37,'2005-04-22',3,'P','P','P'),(1250,332,122384,37,'2005-03-15',3,'N','N','N'),(1251,333,124124,37,'2005-04-29',3,'P','N','N'),(1252,334,123790,37,'2005-04-19',3,'N','P','N'),(1253,335,126476,37,'2005-07-01',3,'N','P','P'),(1254,336,128685,37,'2005-08-25',3,'P','P','P'),(1255,337,124123,37,'2005-04-29',3,'N','P','N'),(1256,338,126846,37,'2005-07-12',3,'P','N','P'),(1257,339,123869,37,'2005-04-22',3,'N','N','N'),(1258,340,124683,37,'2005-05-13',3,'P','P','P'),(1259,341,126423,37,'2005-06-30',3,'P','N','P'),(1260,342,123026,37,'2005-04-12',3,'P','P','P'),(1261,343,115758,37,'2004-09-17',3,'N','N','N'),(1262,344,113384,37,'2004-07-20',3,'P','N','N'),(1263,345,111752,37,'2006-04-05',3,'N','P','N'),(1264,347,115890,37,'2004-09-21',3,'N','P','P'),(1265,348,113860,37,'2004-07-30',3,'P','P','P'),(1266,349,115709,37,'2004-09-16',3,'N','P','N'),(1267,350,114584,37,'2004-08-20',3,'P','N','P'),(1268,351,114413,12,'2004-08-13',3,'N','N','N'),(1269,352,120963,12,'2005-02-08',3,'P','P','P'),(1270,353,116946,12,'2004-10-19',3,'N','P','P'),(1271,354,113695,12,'2004-07-27',3,'P','N','N'),(1272,355,118246,12,'2004-11-18',3,'N','N','N'),(1273,356,113812,12,'2004-07-29',3,'P','P','N'),(1274,357,115460,12,'2004-09-10',3,'P','P','P'),(1275,358,121638,12,'2005-02-24',3,'N','N','N'),(1276,359,125623,12,'2005-06-09',3,'P','N','P'),(1277,360,117801,12,'2004-11-09',3,'P','P','P'),(1278,361,117605,12,'2004-11-04',3,'N','N','N'),(1279,362,109933,12,'2004-04-15',3,'P','N','N'),(1280,363,128412,12,'2005-08-18',3,'N','P','N'),(1281,364,117122,12,'2004-10-22',3,'N','P','P'),(1282,365,120357,12,'2005-01-21',3,'P','P','P'),(1283,366,118982,12,'2004-12-07',3,'N','P','N'),(1284,367,115653,12,'2004-09-15',3,'P','N','P'),(1285,368,121352,12,'2005-02-18',3,'N','N','N'),(1286,369,125914,12,'2005-06-17',3,'P','P','P'),(1287,370,118127,12,'2004-11-16',3,'P','N','P'),(1288,371,119946,12,'2005-01-11',3,'P','P','P'),(1289,372,118859,12,'2004-12-03',3,'N','N','N'),(1290,373,120720,12,'2005-02-01',3,'P','N','N'),(1291,374,121349,12,'2005-01-18',3,'N','P','N'),(1292,375,120883,12,'2005-02-04',3,'N','P','P'),(1293,376,120189,12,'2005-01-18',3,'P','P','P'),(1294,377,120642,12,'2005-01-28',3,'N','P','N'),(1295,378,125483,12,'2005-06-06',3,'P','N','P'),(1296,379,116635,12,'2004-10-08',3,'N','N','N'),(1297,380,120475,12,'2005-01-25',3,'P','P','P'),(1298,382,120188,12,'2005-01-18',3,'N','P','P'),(1299,383,119281,12,'2004-12-16',3,'P','N','N'),(1300,384,119712,12,'2005-01-04',3,'N','N','N'),(1301,385,120187,12,'2005-01-18',3,'P','P','N'),(1302,386,126841,12,'2005-07-12',3,'P','P','P'),(1303,387,118558,12,'2004-11-26',3,'N','N','N'),(1304,388,128573,12,'2005-08-23',3,'P','N','P'),(1305,389,120416,12,'2005-01-24',3,'P','P','P'),(1306,390,126839,12,'2005-07-12',3,'N','N','N'),(1307,391,119083,12,'2004-12-10',3,'P','N','N'),(1308,392,114412,12,'2004-08-13',3,'N','P','N'),(1309,393,127403,12,'2005-07-22',3,'N','P','P'),(1310,394,119085,12,'2004-12-10',3,'P','P','P'),(1311,395,116177,12,'2004-09-28',3,'N','P','N'),(1312,396,117246,12,'2004-10-26',3,'P','N','P'),(1313,397,118125,12,'2004-11-16',3,'N','N','N'),(1314,398,119717,12,'2004-01-04',3,'P','P','P'),(1315,399,120361,12,'2005-01-21',3,'P','N','P'),(1316,400,117407,12,'2004-10-29',3,'P','P','P'),(1317,401,103239,12,'2003-10-21',3,'N','N','N'),(1318,402,113757,22,'2004-10-28',3,'P','N','N'),(1319,403,116565,22,'2004-10-07',3,'N','P','N'),(1320,404,116781,22,'2004-10-14',3,'N','P','P'),(1321,405,117358,22,'2004-10-28',3,'P','P','P'),(1322,406,135503,22,'2006-02-06',3,'N','P','N'),(1323,407,116631,22,'2004-10-08',3,'P','N','P'),(1324,408,118687,22,'2004-11-30',3,'N','N','N'),(1325,409,118824,22,'2004-12-02',3,'P','P','P'),(1326,410,119282,22,'2004-12-16',3,'N','P','P'),(1327,411,121242,22,'2005-02-15',3,'P','N','N'),(1328,412,122645,22,'2005-03-22',3,'N','N','N'),(1329,413,124237,22,'2005-05-03',3,'P','P','N'),(1330,414,120718,22,'2005-02-01',3,'P','P','P'),(1331,415,119832,22,'2005-01-07',3,'N','N','N'),(1332,417,122543,22,'2004-03-15',3,'P','N','P'),(1333,418,120186,22,'2005-01-18',3,'P','P','P'),(1334,419,122502,22,'2005-03-17',3,'N','N','N'),(1335,420,122023,22,'2005-03-04',3,'P','N','N'),(1336,421,123269,22,'2005-04-07',3,'N','P','N'),(1337,422,115941,22,'2004-09-22',3,'N','P','P'),(1338,423,121243,22,'2005-02-15',3,'P','P','P'),(1339,424,120478,22,'2005-01-25',3,'N','P','N'),(1340,425,119833,22,'2005-01-07',3,'P','N','P'),(1341,426,120591,22,'2005-01-27',3,'N','N','N'),(1342,427,120048,22,'2005-01-18',3,'P','P','P'),(1343,428,128472,22,'2005-08-19',3,'P','N','P'),(1344,429,120965,22,'2005-02-08',3,'P','P','P'),(1345,430,129761,22,'2005-09-19',3,'N','N','N'),(1346,431,119834,22,'2004-01-07',3,'P','N','N'),(1347,432,127983,22,'2005-08-05',3,'N','P','N'),(1348,433,135580,22,'2006-02-07',3,'N','P','P'),(1349,434,156004,22,'2007-09-03',3,'P','P','P'),(1350,435,175063,22,'2009-05-10',3,'N','P','N'),(1351,436,149999,22,'2007-03-01',3,'P','N','P'),(1352,437,150697,22,'2009-03-20',3,'N','N','N'),(1353,438,116633,22,'2004-10-08',3,'P','P','P'),(1354,439,129462,22,'2005-09-13',3,'N','P','P'),(1355,440,130699,22,'2005-10-07',3,'P','N','N'),(1356,441,131114,22,'2005-10-14',3,'N','N','N'),(1357,442,113864,22,'2004-07-30',3,'P','P','N'),(1358,443,135452,22,'2006-02-03',3,'P','P','P'),(1359,444,132308,22,'2005-11-11',3,'N','N','N'),(1360,445,109852,22,'2004-04-13',3,'P','N','P'),(1361,446,135959,22,'2006-02-16',3,'P','P','P'),(1362,447,137563,22,'2006-03-31',3,'N','N','N'),(1363,449,135961,22,'2006-02-16',3,'P','N','N'),(1364,450,137162,22,'2006-03-21',3,'N','P','N'),(1365,451,158935,22,'2007-11-22',3,'N','P','P'),(1366,452,162056,13,'2008-03-04',3,'P','P','P'),(1367,453,151552,13,'2007-04-24',3,'N','P','N'),(1368,454,160606,13,'2008-01-22',3,'P','N','P'),(1369,455,161085,13,'2008-02-08',3,'N','N','N'),(1370,456,162123,13,'2008-03-05',3,'P','P','P'),(1371,457,126993,13,'2005-07-14',3,'P','N','P'),(1372,458,126717,13,'2005-07-08',3,'P','P','P'),(1373,459,128476,13,'2005-08-19',3,'N','N','N'),(1374,460,139609,13,'2005-11-18',3,'P','N','N'),(1375,461,127708,13,'2005-07-29',3,'N','P','N'),(1376,462,129163,13,'2005-09-06',3,'N','P','P'),(1377,463,128752,13,'2005-08-26',3,'P','P','P'),(1378,464,131951,13,'2005-11-04',3,'N','P','N'),(1379,465,130354,13,'2009-09-30',3,'P','N','P'),(1380,466,128304,13,'2005-08-16',3,'N','N','N'),(1381,467,129358,13,'2005-09-09',3,'P','P','P'),(1382,468,130990,13,'2005-11-04',3,'N','P','P'),(1383,469,129623,13,'2005-09-16',3,'P','N','N'),(1384,470,126021,13,'2005-06-22',3,'N','N','N'),(1385,2,136537,25,'2006-03-03',4,'P','P','P'),(1386,3,131704,25,'2005-10-25',4,'P','N','P'),(1387,4,134960,25,'2006-01-24',4,'P','P','P'),(1388,5,138886,25,'2006-05-09',4,'N','N','N'),(1389,6,129360,25,'2005-09-09',4,'P','N','N'),(1390,7,136017,25,'2006-02-17',4,'N','P','N'),(1391,8,142247,25,'2006-08-04',4,'N','P','P'),(1392,9,135697,25,'2006-02-09',4,'P','P','P'),(1393,10,129461,25,'2005-09-13',4,'N','P','N'),(1394,11,131112,25,'2005-10-14',4,'P','N','P'),(1395,12,136119,25,'2006-02-21',4,'N','N','N'),(1396,13,130619,25,'2005-10-06',4,'P','P','P'),(1397,14,126677,25,'2005-07-07',4,'N','P','P'),(1398,16,129460,25,'2005-09-13',4,'P','N','N'),(1399,17,131953,25,'2005-11-04',4,'N','N','N'),(1400,18,136121,25,'2004-02-21',4,'P','P','N'),(1401,19,136236,25,'2006-02-22',4,'P','P','P'),(1402,20,144871,25,'2006-10-06',4,'N','N','N'),(1403,21,140332,25,'2006-06-16',4,'P','N','P'),(1404,22,132883,25,'2005-11-25',4,'P','P','P'),(1405,23,133423,25,'2005-12-09',4,'N','N','N'),(1406,24,134774,25,'2006-01-18',4,'P','N','N'),(1407,25,132444,25,'2005-11-15',4,'N','P','N'),(1408,26,133864,25,'2005-12-28',4,'N','P','P'),(1409,27,144868,25,'2006-10-06',4,'P','P','P'),(1410,28,136655,25,'2006-03-07',4,'N','P','N'),(1411,29,130137,25,'2005-09-27',4,'P','N','P'),(1412,30,130776,25,'2005-10-11',4,'N','N','N'),(1413,31,146197,25,'2006-11-09',4,'P','P','P'),(1414,32,133289,25,'2005-12-06',4,'P','N','P'),(1415,33,131843,25,'2005-11-01',4,'P','P','P'),(1416,34,147857,25,'2006-12-28',4,'P','P','P'),(1417,35,139007,25,'2006-05-11',4,'P','N','P'),(1418,36,149415,25,'2007-02-12',4,'P','P','P'),(1419,37,138521,25,'2008-05-08',4,'N','N','N'),(1420,38,142989,26,'2006-08-25',4,'P','N','N'),(1421,39,134232,26,'2006-01-05',4,'N','P','N'),(1422,40,146526,26,'2006-11-17',4,'N','P','P'),(1423,41,135958,26,'2006-12-16',4,'P','P','P'),(1424,42,135957,26,'2006-02-16',4,'N','P','N'),(1425,43,135585,26,'2006-02-07',4,'P','N','P'),(1426,44,135855,26,'2006-02-14',4,'N','N','N'),(1427,45,132307,26,'2005-11-11',4,'P','P','P'),(1428,46,147337,26,'2006-12-07',4,'N','P','P'),(1429,47,156165,26,'2007-09-06',4,'P','N','N'),(1430,48,133419,26,'2005-12-09',4,'N','N','N'),(1431,49,147651,26,'2006-12-19',4,'P','P','N'),(1432,50,132309,26,'2005-11-11',4,'P','P','P'),(1433,51,130771,26,'2005-10-11',4,'N','N','N'),(1434,52,129989,26,'2005-09-23',4,'P','N','P'),(1435,53,158313,26,'2007-11-06',4,'P','P','P'),(1436,54,159360,26,'2007-12-04',4,'N','N','N'),(1437,55,168701,26,'2008-10-03',4,'P','N','N'),(1438,56,166667,26,'2008-08-01',4,'N','P','N'),(1439,57,168031,26,'2008-09-12',4,'N','P','P'),(1440,58,166160,26,'2007-08-10',4,'P','P','P'),(1441,59,155174,26,'2008-08-12',4,'N','P','N'),(1442,60,167019,26,'2008-07-31',4,'P','N','P'),(1443,61,166614,26,'2008-05-13',4,'N','N','N'),(1444,62,164136,26,'2008-06-13',4,'P','P','P'),(1445,63,164806,26,'2008-12-09',4,'P','N','P'),(1446,64,170755,26,'2007-08-21',4,'P','P','P'),(1447,65,155492,26,'2008-08-07',4,'P','P','P'),(1448,66,166885,26,'2008-08-21',4,'P','N','P'),(1449,67,167307,26,'2008-07-24',4,'P','P','P'),(1450,68,166371,26,'2008-09-02',4,'N','N','N'),(1451,69,177451,26,'2008-12-05',4,'P','N','N'),(1452,70,167688,26,'2008-04-18',4,'N','P','N'),(1453,71,170116,26,'2008-09-30',4,'N','P','P'),(1454,72,103322,26,'2009-01-15',4,'P','P','P'),(1455,73,168575,26,'2007-10-12',4,'N','P','N'),(1456,74,159634,26,'2007-11-09',4,'P','N','P'),(1457,75,147336,26,'2006-12-07',4,'N','N','N'),(1458,76,163007,26,'2009-04-08',4,'P','P','P'),(1459,77,159716,26,'2007-12-17',4,'N','P','P'),(1460,78,151458,26,'2007-04-20',4,'P','N','N'),(1461,79,137835,26,'2006-04-07',4,'N','N','N'),(1462,80,150361,26,'2007-03-13',4,'P','P','N'),(1463,81,150876,26,'2007-03-29',4,'P','P','P'),(1464,82,151702,26,'2007-01-27',4,'N','N','N'),(1465,83,150362,26,'2007-03-13',4,'P','N','P'),(1466,84,151234,26,'2007-04-13',4,'P','P','P'),(1467,85,151704,26,'2007-04-27',4,'N','N','N'),(1468,86,154416,26,'2007-07-20',4,'P','N','N'),(1469,87,152703,26,'2007-06-01',4,'N','P','N'),(1470,88,150411,26,'2007-04-19',4,'N','P','P'),(1471,89,163323,26,'2008-04-18',4,'P','P','P'),(1472,90,151326,26,'2007-04-17',4,'N','P','N'),(1473,91,151655,26,'2007-04-26',4,'P','N','P'),(1474,92,151656,26,'2007-04-26',4,'N','N','N'),(1475,93,150800,26,'2007-03-27',4,'P','P','P'),(1476,94,152598,26,'2007-05-29',4,'P','N','P'),(1477,95,154529,26,'2007-07-24',4,'P','P','P'),(1478,96,153290,26,'2007-06-21',4,'P','P','P'),(1479,97,152904,26,'2007-06-07',4,'P','N','P'),(1480,98,152942,26,'2007-06-08',4,'P','P','P'),(1481,99,151553,26,'2007-04-24',4,'N','N','N'),(1482,100,140905,26,'2006-07-04',4,'P','N','N'),(1483,101,152658,26,'2007-05-31',4,'N','P','N'),(1484,102,151112,26,'2007-04-10',4,'N','P','P'),(1485,104,152444,26,'2007-05-22',4,'P','P','P'),(1486,105,153125,26,'2007-06-14',4,'N','P','N'),(1487,106,151555,26,'2007-04-24',4,'P','N','P'),(1488,107,152241,26,'2007-05-15',4,'N','N','N'),(1489,108,153316,26,'2007-06-22',4,'P','P','P'),(1490,109,155606,26,'2007-07-28',4,'N','P','P'),(1491,110,155172,26,'2007-08-10',4,'P','N','N'),(1492,111,167112,26,'2008-08-14',4,'N','N','N'),(1493,112,157407,26,'2007-10-11',4,'P','P','N'),(1494,113,154889,26,'2007-08-02',4,'P','P','P'),(1495,114,156337,26,'2007-09-11',4,'N','N','N'),(1496,115,155013,26,'2007-08-07',4,'P','N','P'),(1497,116,155436,26,'2007-08-17',4,'P','P','P'),(1498,117,155348,26,'2007-08-15',4,'N','N','N'),(1499,118,154419,26,'2007-07-20',4,'P','N','N'),(1500,119,155751,27,'2007-08-28',4,'N','P','N'),(1501,120,154921,27,'2007-07-03',4,'N','P','P'),(1502,121,150246,27,'2007-03-09',4,'P','P','P'),(1503,122,157176,27,'2007-10-04',4,'N','P','N'),(1504,123,156439,27,'2007-09-13',4,'P','N','P'),(1505,124,157461,27,'2007-10-12',4,'N','N','N'),(1506,125,158811,27,'2007-11-20',4,'P','P','P'),(1507,126,155014,27,'2007-08-07',4,'P','N','P'),(1508,127,161940,27,'2008-02-28',4,'P','P','P'),(1509,128,156220,27,'2007-09-07',4,'N','N','N'),(1510,129,157685,27,'2007-10-19',4,'P','N','N'),(1511,130,158812,27,'2006-11-20',4,'N','P','N'),(1512,131,169189,27,'2008-10-21',4,'N','P','P'),(1513,132,157404,27,'2007-10-11',4,'P','P','P'),(1514,133,157502,27,'2007-10-16',4,'N','P','N'),(1515,134,158634,27,'2007-10-17',4,'P','N','P'),(1516,135,156986,27,'2007-09-28',4,'N','N','N'),(1517,136,157050,27,'2007-10-21',4,'P','P','P'),(1518,137,164598,27,'2008-05-23',4,'N','P','P'),(1519,138,161858,27,'2008-01-06',4,'P','N','N'),(1520,139,160556,27,'2008-01-21',4,'N','N','N'),(1521,140,176321,27,'2008-03-12',4,'P','P','N'),(1522,141,177833,27,'2008-04-11',4,'P','P','P'),(1523,142,136016,27,'2006-02-17',4,'N','N','N'),(1524,143,160390,27,'2008-01-15',4,'P','N','P'),(1525,144,162059,27,'2008-03-04',4,'P','P','P'),(1526,145,162716,27,'2006-03-28',4,'N','N','N'),(1527,146,165502,27,'2008-03-07',4,'P','N','N'),(1528,147,162167,27,'2008-04-11',4,'N','P','N'),(1529,148,163574,27,'2007-03-13',4,'N','P','P'),(1530,150,150363,27,'2008-02-18',4,'P','P','P'),(1531,151,161573,27,'2008-03-19',4,'N','P','N'),(1532,152,162553,27,'2009-05-07',4,'P','N','P'),(1533,153,175012,27,'2008-03-27',4,'N','N','N'),(1534,154,162668,27,'2008-08-01',4,'P','P','P'),(1535,155,166669,27,'2008-04-15',4,'P','N','P'),(1536,156,163220,27,'2008-08-31',4,'P','P','P'),(1537,157,166613,27,'2008-07-25',4,'N','N','N'),(1538,158,166407,27,'2008-07-25',4,'P','N','N'),(1539,159,166406,27,'2009-05-07',4,'N','P','N'),(1540,160,175017,27,'2009-06-09',4,'N','P','P'),(1541,161,175915,27,'2008-07-17',4,'P','P','P'),(1542,162,166110,27,'2008-08-01',4,'N','P','N'),(1543,163,166665,27,'2008-09-12',4,'P','N','P'),(1544,164,166032,27,'2008-08-19',4,'N','N','N'),(1545,165,167196,27,'2008-09-02',4,'P','P','P'),(1546,166,167690,27,'2008-11-18',4,'N','P','P'),(1547,167,170026,27,'2008-05-30',4,'P','N','N'),(1548,168,164716,27,'2008-09-09',4,'N','N','N'),(1549,169,167882,27,'2008-08-29',4,'P','P','N'),(1550,170,167590,27,'2008-10-28',4,'P','P','P'),(1551,171,169405,27,'2008-11-11',4,'N','N','N'),(1552,172,123713,27,'2005-04-18',4,'P','N','P'),(1553,173,120880,27,'2005-02-04',4,'P','P','P'),(1554,174,127927,27,'2005-08-04',4,'N','N','N'),(1555,175,129464,27,'2005-09-13',4,'P','N','N'),(1556,176,121536,27,'2005-02-22',4,'N','P','N'),(1557,178,139008,27,'2000-05-11',4,'N','P','P'),(1558,179,140174,27,'2006-06-13',4,'P','P','P'),(1559,180,125378,27,'2005-06-02',4,'N','P','N'),(1560,181,135164,27,'2006-01-27',4,'P','N','P'),(1561,182,143567,27,'2006-09-08',4,'N','N','N'),(1562,183,132133,27,'2005-11-08',4,'P','P','P'),(1563,184,126073,27,'2005-06-23',4,'P','N','P'),(1564,185,125048,27,'2005-05-24',4,'P','P','P'),(1565,186,136311,27,'2006-02-27',4,'N','N','N'),(1566,187,147441,27,'2006-12-12',4,'P','N','N'),(1567,188,126847,27,'2005-07-12',4,'N','P','N'),(1568,189,142585,27,'2006-08-15',4,'N','P','P'),(1569,190,137624,27,'2006-04-03',4,'P','P','P'),(1570,191,125915,27,'2005-06-17',4,'N','P','N'),(1571,193,129621,27,'2005-09-16',4,'N','N','N'),(1572,194,130618,27,'2005-10-06',4,'P','P','P'),(1573,195,130359,27,'2005-09-30',4,'N','P','P'),(1574,196,129927,27,'2005-09-22',4,'P','N','N'),(1575,197,126715,27,'2005-07-08',4,'N','N','N'),(1576,198,126716,27,'2006-08-24',4,'P','P','N'),(1577,199,136908,27,'2006-03-14',4,'P','P','P'),(1578,200,129924,27,'2006-09-22',4,'N','N','N'),(1579,201,132562,27,'2005-11-17',4,'P','N','P'),(1580,202,131999,27,'2005-08-09',4,'P','P','P'),(1581,203,136266,27,'2006-02-24',4,'N','N','N'),(1582,204,128754,27,'2005-08-26',4,'P','N','N'),(1583,205,131636,27,'2005-10-27',4,'N','P','N'),(1584,206,136011,27,'2006-02-17',4,'N','P','P'),(1585,207,142494,27,'2006-08-11',4,'P','P','P'),(1586,208,133682,27,'2005-12-16',4,'N','P','N'),(1587,209,129820,27,'2005-09-20',4,'P','N','P'),(1588,210,130772,27,'2005-10-11',4,'N','N','N'),(1589,211,129925,27,'2005-09-22',4,'P','P','P'),(1590,212,127926,27,'2005-08-04',4,'P','N','P'),(1591,213,125861,27,'2005-06-16',4,'P','P','P'),(1592,214,154531,27,'2007-07-24',4,'N','N','N'),(1593,215,137982,27,'2006-04-11',4,'P','N','N'),(1594,216,137158,27,'2006-03-21',4,'N','P','N'),(1595,217,130355,27,'2005-09-30',4,'N','P','P'),(1596,218,128866,27,'2005-08-30',4,'P','P','P'),(1597,219,130250,27,'2005-09-29',4,'N','P','N'),(1598,220,128577,27,'2005-08-23',4,'P','N','P'),(1599,221,131113,29,'2005-10-14',4,'N','N','N'),(1600,222,130249,29,'2005-09-29',4,'P','P','P'),(1601,223,117803,29,'2004-11-09',4,'N','P','P'),(1602,224,117556,29,'2004-11-03',4,'P','N','N'),(1603,225,118825,29,'2004-12-02',4,'N','N','N'),(1604,226,136014,29,'2006-02-17',4,'P','P','N'),(1605,227,109851,29,'2004-04-13',4,'P','P','P'),(1606,228,116840,29,'2004-10-15',4,'N','N','N'),(1607,229,119325,29,'2004-12-17',4,'P','N','P'),(1608,230,127585,29,'2005-07-27',4,'P','P','P'),(1609,231,119716,29,'2004-01-04',4,'N','N','N'),(1610,232,117355,29,'2004-10-28',4,'P','N','N'),(1611,233,121060,29,'2005-02-10',4,'N','P','N'),(1612,234,119029,29,'2004-12-09',4,'N','P','P'),(1613,235,117805,29,'2004-11-09',4,'P','P','P'),(1614,236,118398,29,'2004-11-23',4,'N','P','N'),(1615,237,121812,29,'2005-03-01',4,'P','N','P'),(1616,238,115188,29,'2004-09-03',4,'N','N','N'),(1617,239,114916,29,'2004-08-30',4,'P','P','P'),(1618,240,117919,29,'2004-11-11',4,'P','N','P'),(1619,242,118509,29,'2004-11-25',4,'P','P','P'),(1620,243,118511,29,'2004-11-25',4,'N','N','N'),(1621,244,118131,29,'2004-11-16',4,'P','N','N'),(1622,245,120640,29,'2005-01-28',4,'N','P','N'),(1623,246,123716,29,'2005-04-19',4,'N','P','P'),(1624,247,130696,29,'2005-10-07',4,'P','P','P'),(1625,248,115190,29,'2004-09-03',4,'N','P','N'),(1626,249,118507,29,'2004-11-25',4,'P','N','P'),(1627,250,117525,29,'2004-11-02',4,'N','N','N'),(1628,251,122329,29,'2005-03-14',4,'P','P','P'),(1629,252,136120,29,'2006-02-21',4,'N','P','P'),(1630,253,124362,29,'2005-05-05',4,'P','N','N'),(1631,254,128756,29,'2005-08-26',4,'N','N','N'),(1632,255,122025,29,'2005-03-04',4,'P','P','N'),(1633,256,117557,29,'2004-11-03',4,'P','P','P'),(1634,257,119714,29,'2005-01-04',4,'N','N','N'),(1635,258,140631,29,'2006-06-27',4,'P','N','P'),(1636,259,115761,29,'2004-09-17',4,'P','P','P'),(1637,260,132239,29,'2005-11-10',4,'N','N','N'),(1638,261,119557,29,'2004-12-28',4,'P','N','N'),(1639,262,127397,29,'2005-07-22',4,'N','P','N'),(1640,263,135257,29,'2006-01-31',4,'N','P','P'),(1641,264,115988,29,'2004-09-23',4,'P','P','P'),(1642,265,122385,29,'2005-03-15',4,'N','P','N'),(1643,266,121691,29,'2004-02-25',4,'P','N','P'),(1644,267,118245,29,'2004-11-18',4,'N','N','N'),(1645,268,122218,29,'2005-03-10',4,'P','P','P'),(1646,269,120639,29,'2005-01-28',4,'P','N','P'),(1647,270,140131,29,'2006-06-08',4,'P','P','P'),(1648,271,123073,29,'2005-06-23',4,'N','N','N'),(1649,272,126838,31,'2005-07-12',4,'P','N','N'),(1650,273,131634,31,'2006-10-27',4,'N','P','N'),(1651,274,125166,31,'2005-05-27',4,'N','P','P'),(1652,275,112133,31,'2004-06-15',4,'P','P','P'),(1653,276,125669,31,'2005-06-10',4,'N','P','N'),(1654,277,117124,31,'2004-10-22',4,'P','N','P'),(1655,278,119831,31,'2005-01-07',4,'N','N','N'),(1656,279,119838,31,'2005-01-07',4,'P','P','P'),(1657,280,111749,31,'2005-06-04',4,'N','P','P'),(1658,281,116511,31,'2004-10-06',4,'P','N','N'),(1659,282,127179,31,'2005-07-19',4,'N','N','N'),(1660,283,116948,31,'2004-10-19',4,'P','P','N'),(1661,284,116782,31,'2004-10-17',4,'P','P','P'),(1662,285,117123,31,'2004-10-22',4,'N','N','N'),(1663,286,119715,31,'2005-01-04',4,'P','N','P'),(1664,287,118288,31,'2004-11-19',4,'P','P','P'),(1665,288,125917,31,'2005-06-17',4,'N','N','N'),(1666,289,116566,31,'2004-10-07',4,'P','N','N'),(1667,290,119949,31,'2005-01-11',4,'N','P','N'),(1668,291,119837,31,'2005-01-07',4,'N','P','P'),(1669,292,124778,31,'2005-05-17',4,'P','P','P'),(1670,293,121689,31,'2005-02-25',4,'N','P','N'),(1671,294,121117,31,'2005-02-11',4,'P','N','P'),(1672,295,120471,31,'2005-01-25',4,'N','N','N'),(1673,296,120638,31,'2005-01-28',4,'P','P','P'),(1674,297,129821,32,'2005-09-20',4,'P','N','P'),(1675,298,142640,32,'2006-05-16',4,'P','P','P'),(1676,299,125537,32,'2005-06-07',4,'N','N','N'),(1677,300,120360,32,'2005-01-21',4,'P','N','N'),(1678,301,125264,32,'2005-05-31',4,'N','P','N'),(1679,303,119945,32,'2005-01-11',4,'N','P','P'),(1680,304,125778,32,'2005-06-14',4,'P','P','P'),(1681,305,140293,32,'2006-06-15',4,'N','P','N'),(1682,306,125671,32,'2005-06-10',4,'P','N','P'),(1683,307,127642,32,'2005-07-25',4,'N','N','N'),(1684,308,127402,32,'2005-07-22',4,'P','P','P'),(1685,309,124777,32,'2005-05-17',4,'N','P','P'),(1686,310,142557,32,'2006-05-15',4,'P','N','N'),(1687,311,144258,32,'2005-08-09',4,'N','N','N'),(1688,312,146196,32,'2006-11-09',4,'P','P','N'),(1689,313,139299,32,'2006-05-18',4,'P','P','P'),(1690,314,139530,32,'2006-05-26',4,'N','N','N'),(1691,315,141920,32,'2006-07-28',4,'P','N','P'),(1692,316,139449,32,'2006-05-23',4,'P','P','P'),(1693,317,138621,32,'2006-05-02',4,'N','N','N'),(1694,318,139485,32,'2006-05-24',4,'P','N','N'),(1695,319,139005,32,'2006-03-16',4,'N','P','N'),(1696,320,139093,32,'2006-05-12',4,'N','P','P'),(1697,321,139090,32,'2006-05-12',4,'P','P','P'),(1698,322,138201,32,'2006-04-21',4,'N','P','N'),(1699,323,138257,32,'2006-04-21',4,'P','N','P'),(1700,324,139006,32,'2006-05-16',4,'N','N','N'),(1701,325,138258,32,'2006-04-21',4,'P','P','P'),(1702,326,141552,32,'2006-07-20',4,'P','N','P'),(1703,327,141456,32,'2006-07-18',4,'P','P','P'),(1704,328,142447,32,'2006-08-10',4,'N','N','N'),(1705,329,155940,32,'2007-08-30',4,'P','N','N'),(1706,330,142173,32,'2006-08-03',4,'N','P','N'),(1707,331,144013,32,'2006-09-19',4,'N','P','P'),(1708,332,147062,32,'2006-11-30',4,'P','P','P'),(1709,333,142588,32,'2006-08-15',4,'N','P','N'),(1710,334,145229,32,'2006-10-17',4,'P','N','P'),(1711,335,143108,32,'2006-09-28',4,'N','N','N'),(1712,336,146768,32,'2006-11-23',4,'P','P','P'),(1713,337,143215,35,'2006-08-31',4,'N','P','P'),(1714,338,145175,35,'2006-10-13',4,'P','N','N'),(1715,339,144444,35,'2006-10-31',4,'N','N','N'),(1716,340,145381,35,'2006-10-20',4,'P','P','N'),(1717,341,149802,35,'2007-02-23',4,'P','P','P'),(1718,342,161084,35,'2008-02-05',4,'N','N','N'),(1719,343,144870,35,'2006-10-06',4,'P','N','P'),(1720,344,145509,35,'2006-10-24',4,'P','P','P'),(1721,345,145020,35,'2006-10-10',4,'N','N','N'),(1722,346,148641,35,'2007-01-23',4,'P','N','N'),(1723,347,147112,35,'2006-12-01',4,'N','P','N'),(1724,348,149414,35,'2007-02-12',4,'N','P','P'),(1725,349,151133,35,'2005-04-13',4,'P','P','P'),(1726,350,148293,35,'2007-01-12',4,'N','P','N'),(1727,351,149280,35,'2007-02-09',4,'P','N','P'),(1728,352,156988,35,'2007-09-28',4,'N','N','N'),(1729,353,155943,35,'2007-08-30',4,'P','P','P'),(1730,354,155944,35,'2007-08-30',4,'P','N','P'),(1731,355,155659,35,'2007-08-30',4,'P','P','P'),(1732,356,157303,35,'2007-10-09',4,'N','N','N'),(1733,357,147001,35,'2006-11-29',4,'P','N','N'),(1734,358,158459,35,'2007-11-09',4,'N','P','N'),(1735,359,158455,35,'2007-11-09',4,'N','P','P'),(1736,360,161712,35,'2008-02-21',4,'P','P','P'),(1737,361,171870,35,'2009-01-22',4,'N','P','N'),(1738,362,170452,35,'2008-11-27',4,'P','N','P'),(1739,363,166164,35,'2008-07-18',4,'N','N','N'),(1740,364,170756,35,'2008-12-09',4,'P','P','P'),(1741,365,169769,35,'2008-11-06',4,'N','P','P'),(1742,366,168574,35,'2008-09-30',4,'P','N','N'),(1743,367,170027,35,'2008-11-13',4,'N','N','N'),(1744,368,170174,35,'2008-11-18',4,'P','P','N'),(1745,369,172131,35,'2009-01-30',4,'P','P','P'),(1746,370,174490,35,'2009-04-21',4,'N','N','N'),(1747,371,174392,35,'2009-04-17',4,'P','N','P'),(1748,372,174586,35,'2009-01-14',4,'P','P','P'),(1749,373,152238,35,'2007-05-15',4,'N','N','N'),(1750,374,153034,35,'2007-06-12',4,'P','N','N'),(1751,375,151700,35,'2007-04-27',4,'N','P','N'),(1752,377,139712,35,'2006-05-31',4,'N','P','P'),(1753,378,151232,35,'2007-04-13',4,'P','P','P'),(1754,379,150205,35,'2007-03-08',4,'N','P','N'),(1755,380,152242,35,'2007-05-15',4,'P','N','P'),(1756,381,156701,35,'2007-09-21',4,'N','N','N'),(1757,382,152596,35,'2007-05-29',4,'P','P','P'),(1758,383,153318,35,'2007-06-22',4,'P','N','P'),(1759,384,153032,35,'2007-06-12',4,'P','P','P'),(1760,385,153124,35,'2007-06-14',4,'N','N','N'),(1761,386,152445,35,'2007-05-22',4,'P','N','N'),(1762,387,154040,35,'2007-07-13',4,'N','P','N'),(1763,388,153035,36,'2007-06-12',4,'N','P','P'),(1764,389,153770,36,'2007-07-05',4,'P','P','P'),(1765,390,163011,36,'2008-04-08',4,'N','P','N'),(1766,391,150911,36,'2007-03-30',4,'P','N','P'),(1767,392,159450,36,'2007-12-06',4,'N','N','N'),(1768,393,153562,36,'2007-06-29',4,'P','P','P'),(1769,394,152708,36,'2007-06-01',4,'N','P','P'),(1770,395,153487,36,'2007-06-28',4,'P','N','N'),(1771,396,165441,36,'2008-06-26',4,'N','N','N'),(1772,397,152018,36,'2007-05-08',4,'P','P','P'),(1773,398,154414,36,'2007-07-20',4,'P','N','P'),(1774,399,157965,36,'2007-10-26',4,'P','P','P'),(1775,400,162057,36,'2008-03-04',4,'N','N','N'),(1776,401,154788,36,'2007-07-31',4,'P','N','N'),(1777,402,155128,36,'2009-06-09',4,'N','P','N'),(1778,403,150000,36,'2007-03-01',4,'N','P','P'),(1779,404,153199,36,'2007-06-19',4,'P','P','P'),(1780,405,154415,36,'2007-07-20',4,'N','P','N'),(1781,406,157500,36,'2007-10-16',4,'P','N','P'),(1782,407,154636,36,'2007-07-26',4,'N','N','N'),(1783,408,155607,36,'2007-08-23',4,'P','P','P'),(1784,409,155657,36,'2007-08-24',4,'N','P','P'),(1785,410,155396,36,'2007-08-16',4,'P','N','N'),(1786,411,155279,36,'2007-08-14',4,'N','N','N'),(1787,412,159998,36,'2007-12-18',4,'P','P','N'),(1788,413,154757,36,'2007-07-31',4,'P','P','P'),(1789,414,155286,36,'2007-08-14',4,'N','N','N'),(1790,415,159449,36,'2007-12-06',4,'P','N','P'),(1791,416,156700,36,'2007-09-21',4,'P','P','P'),(1792,417,158981,36,'2007-11-23',4,'N','N','N'),(1793,418,156164,36,'2007-07-06',4,'P','N','N'),(1794,419,151414,36,'2007-04-18',4,'N','P','N'),(1795,420,160701,36,'2008-01-24',4,'N','P','P'),(1796,421,157219,36,'2007-10-05',4,'P','P','P'),(1797,422,153126,36,'2007-06-14',4,'N','P','N'),(1798,423,155173,36,'2007-08-10',4,'P','N','P'),(1799,424,157966,36,'2007-10-26',4,'N','N','N'),(1800,425,158549,36,'2007-11-13',4,'P','P','P'),(1801,426,158678,36,'2007-11-16',4,'P','N','P'),(1802,427,167587,36,'2008-08-29',4,'P','P','P'),(1803,428,157684,36,'2007-10-19',4,'P','P','P'),(1804,429,171080,36,'2008-11-19',4,'P','N','P'),(1805,430,155942,36,'2007-08-30',4,'P','P','P'),(1806,431,167167,36,'2008-09-04',4,'N','N','N'),(1807,432,156806,36,'2007-09-25',4,'P','N','N'),(1808,433,159756,36,'2007-12-18',4,'N','P','N'),(1809,434,167990,36,'2007-12-19',4,'N','P','P'),(1810,435,158979,36,'2007-11-23',4,'P','P','P'),(1811,436,157682,36,'2007-10-19',4,'N','P','N'),(1812,437,157499,36,'2007-10-16',4,'P','N','P'),(1813,438,159357,38,'2007-12-04',4,'N','N','N'),(1814,439,161859,38,'2008-02-06',4,'P','P','P'),(1815,440,146195,38,'2006-11-09',4,'N','P','P'),(1816,441,157177,38,'2007-10-04',4,'P','N','N'),(1817,442,159205,38,'2007-11-29',4,'N','N','N'),(1818,443,159249,38,'2007-11-30',4,'P','P','N'),(1819,445,158679,38,'2007-11-16',4,'P','P','P'),(1820,446,158257,38,'2007-11-05',4,'N','N','N'),(1821,447,159842,38,'2007-12-20',4,'P','N','P'),(1822,448,160957,38,'2008-01-31',4,'P','P','P'),(1823,449,157501,38,'2007-10-16',4,'N','N','N'),(1824,450,114106,38,'2004-09-02',4,'P','N','N'),(1825,451,115754,38,'2004-09-17',4,'N','P','N'),(1826,452,126475,38,'2005-07-01',4,'N','P','P'),(1827,453,111295,38,'2004-05-20',4,'P','P','P'),(1828,454,121947,38,'2005-03-03',4,'N','P','N'),(1829,455,111964,38,'2004-06-10',4,'P','N','P'),(1830,456,110733,38,'2004-05-06',4,'N','N','N'),(1831,457,112275,38,'2004-06-18',4,'P','P','P'),(1832,458,112451,38,'2004-06-24',4,'P','N','P'),(1833,459,112016,38,'2004-06-11',4,'P','P','P'),(1834,460,116891,38,'2004-10-18',4,'P','P','P'),(1835,461,112766,38,'2004-07-02',4,'P','N','P'),(1836,462,116679,38,'2004-10-12',4,'P','P','P'),(1837,463,117982,38,'2004-11-12',4,'N','N','N'),(1838,464,143885,38,'2006-09-15',4,'P','N','N'),(1839,465,137984,38,'2006-04-11',4,'N','P','N'),(1840,466,140297,38,'2006-06-16',4,'P','P','P'),(1841,467,144329,38,'2006-09-26',4,'P','N','P'),(1842,468,137391,38,'2006-03-28',4,'P','P','P'),(1843,469,132443,38,'2005-11-15',4,'N','N','N'),(1844,470,135167,38,'2006-04-27',4,'P','N','N');
/*!40000 ALTER TABLE `muestras_proyecto` ENABLE KEYS */;
UNLOCK TABLES;

--
-- Table structure for table `obra_social`
--

DROP TABLE IF EXISTS `obra_social`;
/*!40101 SET @saved_cs_client     = @@character_set_client */;
/*!50503 SET character_set_client = utf8mb4 */;
CREATE TABLE `obra_social` (
  `id_obra_social` int NOT NULL AUTO_INCREMENT,
  `nombre_obra_social` varchar(100) NOT NULL,
  PRIMARY KEY (`id_obra_social`)
) ENGINE=InnoDB AUTO_INCREMENT=16 DEFAULT CHARSET=utf8mb4 COLLATE=utf8mb4_0900_ai_ci;
/*!40101 SET character_set_client = @saved_cs_client */;

--
-- Dumping data for table `obra_social`
--

LOCK TABLES `obra_social` WRITE;
/*!40000 ALTER TABLE `obra_social` DISABLE KEYS */;
INSERT INTO `obra_social` VALUES (1,'Avalian'),(2,'Galeno'),(3,'Hospital Italiano'),(4,'Medicus'),(5,'Medife'),(6,'Obsba'),(7,'Omint'),(8,'Osde'),(9,'Osplad'),(10,'Premedic'),(11,'Sancor'),(12,'Swiss Medical'),(13,'Union Personal'),(14,'Otra'),(15,'No posee');
/*!40000 ALTER TABLE `obra_social` ENABLE KEYS */;
UNLOCK TABLES;

--
-- Table structure for table `pacientes`
--

DROP TABLE IF EXISTS `pacientes`;
/*!40101 SET @saved_cs_client     = @@character_set_client */;
/*!50503 SET character_set_client = utf8mb4 */;
CREATE TABLE `pacientes` (
  `id_paciente` int NOT NULL AUTO_INCREMENT,
  `nro_proyecto` char(4) NOT NULL,
  `apellido_paciente` varchar(50) NOT NULL,
  `nombre_paciente` varchar(50) NOT NULL,
  `fecha_nacimiento` date NOT NULL,
  `provincia_paciente` int NOT NULL,
  `obra_social_paciente` int NOT NULL,
  `medicacion` char(2) NOT NULL,
  PRIMARY KEY (`id_paciente`),
  KEY `fk_provincia_paciente` (`provincia_paciente`),
  KEY `fk_obra_social` (`obra_social_paciente`),
  CONSTRAINT `fk_obra_social` FOREIGN KEY (`obra_social_paciente`) REFERENCES `obra_social` (`id_obra_social`),
  CONSTRAINT `fk_provincia_paciente` FOREIGN KEY (`provincia_paciente`) REFERENCES `provincias` (`id_provincia`)
) ENGINE=InnoDB AUTO_INCREMENT=481 DEFAULT CHARSET=utf8mb4 COLLATE=utf8mb4_0900_ai_ci;
/*!40101 SET character_set_client = @saved_cs_client */;

--
-- Dumping data for table `pacientes`
--

LOCK TABLES `pacientes` WRITE;
/*!40000 ALTER TABLE `pacientes` DISABLE KEYS */;
INSERT INTO `pacientes` VALUES (1,'P001','Vargas','Teresa','1962-10-08',4,1,'si'),(2,'P002','Toledo','Ramon','1970-05-01',7,2,'no'),(3,'P005','Retamozo','Delia','1999-03-10',14,5,'no'),(4,'P006','Martinez','Emiliano','2000-05-01',19,7,'si'),(5,'P007','Aguero','Marina','1988-02-02',3,3,'si'),(6,'P008','Almiron','Jose','1965-05-11',3,4,'si'),(7,'P009','Paz','Raul','1988-08-08',21,1,'si'),(8,'P011','Gonzalez','Felicitas','1977-01-03',22,15,'si'),(9,'P013','Benitez','Sara','2001-08-03',1,14,'no'),(10,'T001','Padilla','Isaac','1958-01-01',24,3,'no'),(11,'T002','Corvalan','Lorena','1963-03-07',24,9,'si'),(12,'T003','Frias','Natividad','2000-12-06',9,10,'no'),(13,'T004','Ancasi','Ruben','1987-09-25',15,1,'si'),(14,'T006','Pena','Leonardo','1962-10-08',2,8,'si'),(15,'T007','Trejo','Rosario','1970-05-01',2,6,'si'),(16,'T008','Betancourt','Irene','1999-03-10',17,6,'no'),(17,'T009','Laguna','Maria','2000-05-01',21,11,'no'),(18,'T010','Salas','Sonia','1988-02-02',20,4,'no'),(19,'T011','Quispe','Margarita','1965-05-11',12,12,'no'),(20,'T012','Zenteno','Severa','1988-08-08',11,9,'si'),(21,'T013','Vargas','Francisco','1977-01-03',10,1,'si'),(22,'T015','Segovia','Ruben','2001-08-03',5,13,'no'),(23,'T016','Tejerina','Juana','1958-01-01',4,14,'si'),(24,'T018','Beleizan','Natalio','1963-03-07',17,15,'no'),(25,'T019','David','Francisco','2000-12-06',2,2,'no'),(26,'T021','Juarez','Roberto','1987-09-25',16,3,'si'),(27,'T022','Aranda','Norma','1962-10-08',20,3,'si'),(28,'T023','Juarez','Moises','1970-05-01',19,9,'si'),(29,'T024','Loto','Nelida','1999-03-10',22,8,'si'),(30,'T025','Benitez','Abel','2000-05-01',22,6,'si'),(31,'T026','Sortica','Carlos','1988-02-02',1,3,'si'),(32,'T027','Rodriguez','Mariano','1965-05-11',1,15,'si'),(33,'T028','Jaime','Franciso','1988-08-08',5,10,'si'),(34,'T029','Ledesma','Maria','1977-01-03',4,7,'si'),(35,'T032','Ledesma','Celia','2001-08-03',13,1,'si'),(36,'T033','Lopez','Raquel','1958-01-01',12,2,'si'),(37,'T034','Saldana','Gabriela','1963-03-07',4,5,'no'),(38,'T035','Balderrama','Rosa','2000-12-06',3,7,'no'),(39,'T036','Gonzalez','Juan','1987-09-25',20,3,'si'),(40,'T037','Robles','Renee','1958-01-01',17,4,'si'),(41,'T039','Sequeira','Olga','1963-03-07',20,1,'si'),(42,'T040','Olivera','Rafael','1968-05-10',5,15,'si'),(43,'T041','Rodriguez','Segundo','1973-07-14',3,14,'si'),(44,'T042','Romero','Inocencia','1978-09-17',1,3,'no'),(45,'T043','Lopez','Flora','1983-11-21',10,9,'no'),(46,'T044','Romero','Fidelina','1962-10-08',11,10,'si'),(47,'T046','Santander','Marta','1970-05-01',8,1,'no'),(48,'T047','Flores','Gregorio','1999-03-10',9,8,'si'),(49,'T048','Romero','Norberto','2000-05-01',21,6,'si'),(50,'T049','Lopez','Manuel','1988-02-02',17,6,'si'),(51,'T050','Avalos','Angela','1965-05-11',14,11,'no'),(52,'T051','Montenegro','Maria','1988-08-08',9,4,'no'),(53,'T052','Tello','Adolfo','1977-01-03',10,12,'no'),(54,'T054','Rodriguez','Hermes','2001-08-03',24,9,'no'),(55,'T056','Segovia','Mario','1958-01-01',1,1,'si'),(56,'T057','Marquez','Josefina','1963-03-07',15,13,'si'),(57,'T059','Pozo','Maxima','2000-12-06',7,14,'no'),(58,'T060','Gomez','Luz','1987-09-25',6,15,'si'),(59,'T062','Nunez','Ovidio','1962-10-08',4,2,'no'),(60,'T063','Dominguez','Ubaldo','1970-05-01',9,3,'no'),(61,'T064','Salvatierra','Celia','1999-03-10',20,3,'si'),(62,'T065','Resico','Emiliana','2000-05-01',24,9,'si'),(63,'T067','Saucedo','Rosa','1988-02-02',21,8,'si'),(64,'T068','Fuentes','Gerardo','1965-05-11',2,6,'si'),(65,'T069','Aguilar','Hector','1988-08-08',24,3,'si'),(66,'T071','Britez','Anahi','1977-01-03',22,15,'si'),(67,'T072','Torrez','Juan','2001-08-03',7,10,'si'),(68,'T073','Leon','Aristides','1958-01-01',12,7,'si'),(69,'T074','Escalera','Ignacio','1963-03-07',13,1,'si'),(70,'T075','Cravero','Ines','1968-05-10',4,2,'si'),(71,'T076','Rios','Luis','1973-07-14',7,5,'si'),(72,'T077','Campos','Eduardo','1978-09-17',14,7,'no'),(73,'T078','Blanco','Artemisia','1983-11-21',19,3,'no'),(74,'T079','Godoy','Felipe','1973-07-14',3,4,'si'),(75,'T080','Pertot','Zulema','1978-09-17',3,1,'si'),(76,'T081','Lopez','Clara','1983-11-21',21,15,'si'),(77,'T082','Arias','Arsenio','1989-01-24',22,14,'si'),(78,'T083','Calderon','Gaspar','1994-03-30',1,3,'si'),(79,'T084','Ibanez','Maria','1999-06-03',24,9,'no'),(80,'T085','Moreno','Cristian','2004-08-06',24,10,'no'),(81,'T086','Leal','Elena','2009-10-10',9,1,'si'),(82,'T087','Flores','Victorio','2014-12-14',15,8,'no'),(83,'T088','Anchaval','Donato','2020-02-17',2,6,'si'),(84,'T089','Romero','Adelaida','2025-04-22',2,6,'si'),(85,'T090','Vizgarra','Arnaldo','1978-09-17',17,11,'si'),(86,'T091','Flores','Natividad','1983-11-21',21,4,'no'),(87,'T092','Caceres','Silvia','1989-01-24',20,12,'no'),(88,'T093','Cabral','Elisa','1994-03-30',12,9,'no'),(89,'T094','Flores','Angel','1978-09-17',11,1,'no'),(90,'T095','Ferreyra','Maria','1983-11-21',10,13,'si'),(91,'T096','Ledesma','Jose','1989-01-24',5,14,'si'),(92,'T097','Chavez','Desiderio','1994-03-30',4,15,'no'),(93,'T098','Alcantara','Maria','1999-06-03',17,2,'si'),(94,'T099','Vidal','Gregoria','2004-08-06',2,3,'no'),(95,'T100','Britos','Irma','2009-10-10',16,3,'no'),(96,'T101','Cordoba','Elizabeth','2014-12-14',20,9,'si'),(97,'T102','Aguirre','Paola','1983-11-21',19,8,'si'),(98,'T103','Gauna','Roberto','1989-01-24',22,6,'si'),(99,'T104','Veron','Juana','1994-03-30',22,3,'si'),(100,'T105','Gonzalez','Noemi','1999-06-03',1,15,'si'),(101,'T107','Cejas','Noemi','2004-08-06',1,10,'si'),(102,'T108','Gomez','Nora','2009-10-10',5,7,'si'),(103,'T109','Ibarra','Azucena','2014-12-14',4,1,'si'),(104,'T110','Ferreyra','Juliana','1985-09-30',13,2,'si'),(105,'T111','Altamiranda','Marta','1979-12-24',12,5,'si'),(106,'T112','Apuril','Jorge','1974-03-18',4,7,'si'),(107,'T113','Flores','Isidro','1968-06-10',3,3,'no'),(108,'T117','Serrano','Remigio','1962-09-03',20,4,'no'),(109,'T118','Olivera','Miguel','1956-11-26',17,1,'si'),(110,'T119','Vera','Nilda','1951-02-19',20,15,'si'),(111,'T120','Sanchez','Elsa','1945-05-14',5,14,'si'),(112,'T122','Ortigoza','Josefa','2014-12-14',3,3,'si'),(113,'T123','Mansilla','Clotilde','1985-09-30',1,9,'si'),(114,'T124','Goni','Elizabeth','1979-12-24',10,10,'no'),(115,'T125','Ruis','Juliana','1974-03-18',11,1,'no'),(116,'T126','Guzman','Norma','1968-06-10',8,8,'si'),(117,'T127','Vega','Marcelo','1962-09-03',9,6,'no'),(118,'T128','Andrada','Hilaria','1956-11-26',21,6,'si'),(119,'T129','Portiz','Jesus','1951-02-19',17,11,'si'),(120,'T130','Chumace','Hector','1945-05-14',14,4,'si'),(121,'T131','Quiroz','Nelida','2014-12-14',9,12,'no'),(122,'T133','Guzmani','Victoria','1985-09-30',10,9,'no'),(123,'T134','Fernandeira','Martin','1979-12-24',24,1,'no'),(124,'T135','Pilincoy','Julio','1974-03-18',1,13,'no'),(125,'T137','Molinari','Andres','1968-06-10',15,14,'si'),(126,'T140','Pereyra','Juan','1962-09-03',7,15,'si'),(127,'T141','Mendecis','Viviana','1956-11-26',6,2,'no'),(128,'T142','Duartes','Jose','1951-02-19',4,3,'si'),(129,'T144','Juareti','Ruth','1945-05-14',9,3,'no'),(130,'T145','Diego','Benito','1994-03-30',20,9,'no'),(131,'T147','Rodrigo','Juan','1978-09-17',24,8,'si'),(132,'T148','Limasto','Jose','1983-11-21',21,6,'si'),(133,'T149','Pogo','Ronaldo','1989-01-24',2,3,'si'),(134,'T152','Lugo','Elbio','1994-03-30',24,15,'si'),(135,'T153','Szalmachi','Francisca','1994-03-30',22,10,'si'),(136,'T154','Valderrama','Victor','1978-09-17',7,7,'si'),(137,'T155','Verona','David','1983-11-21',12,1,'si'),(138,'T156','Lizardi','Oscar','1994-03-30',13,2,'si'),(139,'T157','Sancoria','Jose','1978-09-17',4,5,'si'),(140,'T158','Choque','Susana','1983-11-21',7,7,'si'),(141,'T159','Lopecia','Demetrio','1989-01-24',14,3,'si'),(142,'T160','Miria','Ruben','1994-03-30',19,4,'no'),(143,'T161','Carranza','Mabel','1994-03-30',3,1,'no'),(144,'T162','Diario','Gloria','1978-09-17',3,15,'si'),(145,'T163','Rochio','Ernesto','1983-11-21',21,14,'si'),(146,'T164','Aceveda','Delia','1994-03-30',22,3,'si'),(147,'T166','Reguez','Virgilio','1978-09-17',1,9,'si'),(148,'T167','Frances','Olga','1983-11-21',24,10,'si'),(149,'T168','Gomia','Ramon','1989-01-24',24,1,'no'),(150,'T170','Solicio','Esther','1994-03-30',9,8,'no'),(151,'T172','Ferret','Monica','1994-03-30',15,6,'si'),(152,'T173','Santila','Lino','1978-09-17',2,6,'no'),(153,'T174','Piano','Andres','1983-11-21',2,11,'si'),(154,'T175','Barraz','Atilio','1994-03-30',17,4,'si'),(155,'T176','Gometi','Elsa','1978-09-17',21,12,'si'),(156,'T178','Argan','Miguel','1983-11-21',20,9,'no'),(157,'T179','Herrero','Agustin','1994-03-30',12,1,'no'),(158,'T180','Fuenteal','Claudio','1978-09-17',11,13,'no'),(159,'T181','Verde','Ismael','1963-03-07',10,14,'no'),(160,'T182','Ortega','Raul','1983-11-21',5,15,'si'),(161,'T183','Merel','Zulma','1989-01-24',4,2,'si'),(162,'T184','Decimi','Carlos','1963-03-07',17,3,'no'),(163,'T188','Dial','Zacarias','1983-11-21',2,3,'si'),(164,'T190','Lopega','Nacira','2004-08-06',16,9,'no'),(165,'T191','Monzo','Eduardo','1963-03-07',20,8,'no'),(166,'T192','Villa','Carmen','1983-11-21',19,6,'si'),(167,'T193','Santin','Teobaldo','2004-08-06',22,3,'si'),(168,'T194','Zapato','Oscar','2014-12-14',22,15,'si'),(169,'T195','Lezanos','Luisa','1985-09-30',1,10,'si'),(170,'T196','Gongor','Leonor','1979-12-24',1,7,'si'),(171,'T197','Barrio','Adelaida','1974-03-18',5,1,'si'),(172,'T198','Ortiza','Ernesto','1968-06-10',4,2,'si'),(173,'T199','Rodo','Marta','1962-09-03',13,5,'si'),(174,'T200','Bastar','Marcos','1956-11-26',12,7,'si'),(175,'T202','Lazaro','Aribel','1951-02-19',4,3,'si'),(176,'T203','Achavarri','Alberto','1945-05-14',3,4,'si'),(177,'T204','Arguel','Ramon','2014-12-14',20,1,'no'),(178,'T205','Borrita','Silvia','1985-09-30',17,15,'no'),(179,'T206','Aguirreta','Maria','1979-12-24',20,14,'si'),(180,'T207','solos','Hortensia','1968-06-10',3,3,'si'),(181,'T208','Salar','Manuel','1962-09-03',1,9,'si'),(182,'T209','Mayo','Catalina','1956-11-26',10,10,'si'),(183,'T210','Palacio','Rosa','1951-02-19',11,1,'si'),(184,'T211','Polca','Patricia','1945-05-14',8,8,'no'),(185,'T212','Pantich','Deisy','2014-12-14',9,6,'no'),(186,'T214','Solarta','Renee','1985-09-30',21,6,'si'),(187,'T215','Quistal','Ana','1979-12-24',17,11,'no'),(188,'T216','Clarta','Zulma','1974-03-18',14,4,'si'),(189,'T218','Baulisma','Raul','1968-06-10',9,12,'si'),(190,'T219','Delguera','Juan','1962-09-03',10,9,'si'),(191,'T220','Brawn','Petrona','1956-11-26',24,1,'no'),(192,'T222','Aculla','Claudio','1951-02-19',1,13,'no'),(193,'T223','Robledo','Francisco','1945-05-14',15,14,'no'),(194,'T224','Tortillas','Pedro','1994-03-30',7,15,'no'),(195,'T225','Ruido','Liborio','1978-09-17',6,2,'si'),(196,'T227','Lemona','Juan','1983-11-21',4,3,'si'),(197,'T228','Soltari','Marcelino','1989-01-24',9,3,'no'),(198,'T229','Castellano','Juan','1994-03-30',20,9,'si'),(199,'T230','Churcuz','Norma','1994-03-30',24,8,'no'),(200,'T231','Vallester','Ana','1978-09-17',21,6,'no'),(201,'T232','Cisterina','Dominga','1983-11-21',2,3,'si'),(202,'T233','Bastuar','Monica','1994-03-30',24,15,'si'),(203,'T234','Diambre','Osvaldo','1978-09-17',22,10,'si'),(204,'T235','Calzon','Julio','1983-11-21',7,7,'si'),(205,'T236','Lastaro','Ricardo','1989-01-24',12,1,'si'),(206,'T237','Martinian','Mercedes','1994-03-30',13,2,'si'),(207,'T239','Bertios','Norma','1994-03-30',12,5,'si'),(208,'T240','Vanega','Alberto','1978-09-17',8,7,'si'),(209,'T241','Miaz','Alejandro','1983-11-21',9,3,'si'),(210,'T242','Paza','Yolanda','1994-03-30',3,4,'si'),(211,'T243','Bardozo','Patricia','1978-09-17',7,1,'si'),(212,'T244','Kayle','Cesarea','1983-11-21',15,15,'no'),(213,'T245','Pestedes','Ramon','1989-01-24',20,14,'no'),(214,'T246','Tartagal','Cristina','1994-03-30',22,3,'si'),(215,'T247','Tartagal','Julieta','1994-03-30',23,9,'si'),(216,'T248','Montero','Marcelo','1978-09-17',10,10,'si'),(217,'T249','Chenof','Ramon','1983-11-21',3,1,'si'),(218,'T252','Riveria','Fernando','1994-03-30',4,8,'si'),(219,'T253','Ciara','Roxana','1978-09-17',1,6,'no'),(220,'T255','Costillon','Jose','1983-11-21',12,6,'no'),(221,'T257','Dominta','Nicolas','1994-03-30',8,11,'si'),(222,'T258','Pastedes','Esther','1978-09-17',10,4,'no'),(223,'T259','Moltob','Delicia','1963-03-07',9,12,'si'),(224,'T260','Tarnes','Esther','1983-11-21',3,9,'si'),(225,'T261','Clares','Jesica','1989-01-24',3,1,'si'),(226,'T262','Florerias','Alfredo','1963-03-07',4,13,'no'),(227,'T263','Moreti','Pilar','1983-11-21',5,14,'no'),(228,'T264','Barredo','Oscar','2004-08-06',3,15,'no'),(229,'T265','Souto','Teresa','1963-03-07',10,2,'no'),(230,'T267','Lalejos','Sandra','1983-11-21',11,3,'si'),(231,'T268','Malvon','Mario','2004-08-06',12,3,'si'),(232,'T269','Frias','Luis','2014-12-14',14,9,'no'),(233,'T270','Borrego','Paula','1985-09-30',13,8,'si'),(234,'T271','Lunares','Monica','1979-12-24',22,6,'no'),(235,'T272','Canelo','Alicia','1974-03-18',20,3,'no'),(236,'T276','Depera','Eva','1968-06-10',1,15,'si'),(237,'T278','Venus','Francisca','1962-09-03',9,10,'si'),(238,'T280','Matasi','Roman','1956-11-26',2,7,'si'),(239,'T282','Panales','David','1951-02-19',3,1,'si'),(240,'T285','Barreto','Juana','1945-05-14',7,2,'si'),(241,'T287','Gonzalez','Nelida','2014-12-14',5,5,'si'),(242,'T288','Penado','Isaac','1985-09-30',3,7,'si'),(243,'T289','Vigna','Amalia','1979-12-24',24,3,'si'),(244,'T290','Terra','Nerieva','1974-03-18',12,4,'si'),(245,'T292','Mizardo','Pablo','1968-06-10',11,1,'si'),(246,'T294','Suarez','Miriam','1962-09-03',7,15,'si'),(247,'T295','Morato','Fernanda','1956-11-26',20,14,'no'),(248,'T296','Maron','Luis','1951-02-19',10,3,'no'),(249,'T298','Pereda','Hortensia','1945-05-14',5,9,'si'),(250,'T301','Coto','Carlos','2014-12-14',14,10,'si'),(251,'T302','Seteno','Juliana','1985-09-30',15,1,'si'),(252,'T304','Anbel','Anibal','1979-12-24',9,8,'si'),(253,'T305','Palermo','Esteban','1974-03-18',8,6,'si'),(254,'T308','Chocoque','Karina','1968-06-10',7,6,'no'),(255,'T309','Lomas','Antonio','1962-09-03',2,11,'no'),(256,'T310','Gonta','Gladys','1956-11-26',1,4,'si'),(257,'T311','Mores','Maria','1951-02-19',2,12,'no'),(258,'T312','Ginez','Genoveva','1945-05-14',3,9,'si'),(259,'T313','Boquer','Heriberto','1994-03-30',17,1,'si'),(260,'T314','Fer','Roberto','1978-09-17',17,13,'si'),(261,'T315','Villoda','Pedro','1983-11-21',16,14,'no'),(262,'T316','Mores','Pedro','1989-01-24',23,15,'no'),(263,'T317','Negar','Enrique','1994-03-30',6,2,'no'),(264,'T318','Linares','Julio','1994-03-30',7,3,'no'),(265,'T319','Salgado','Dalmacio','1978-09-17',6,3,'si'),(266,'T320','Chica','Maria','1983-11-21',10,9,'si'),(267,'T321','Casanova','Delia','1994-03-30',11,8,'no'),(268,'T322','Palacios','Antonio','1978-09-17',10,6,'si'),(269,'T324','Olmos','Margarita','1983-11-21',15,3,'no'),(270,'T325','Tigre','Hector','1989-01-24',16,15,'no'),(271,'T326','Gloria','Ricardo','1994-03-30',20,10,'si'),(272,'T328','Rios','Lidia','1994-03-30',4,7,'si'),(273,'T329','Rega','Yanina','1978-09-17',6,1,'si'),(274,'T330','Bajon','Santiago','1983-11-21',3,2,'si'),(275,'T331','Menon','Romelia','1994-03-30',1,5,'si'),(276,'T332','Baos','Humberto','1978-09-17',20,7,'si'),(277,'T333','Inesta','Mercedes','1983-11-21',19,3,'si'),(278,'T335','Poligano','Cesar','1989-01-24',18,4,'si'),(279,'T336','Melchor','Delia','1994-03-30',17,1,'si'),(280,'T338','Apela','Arnaldo','1994-03-30',14,15,'si'),(281,'T339','Diaz','Mario','1978-09-17',21,14,'si'),(282,'T340','Fasina','Norma','1983-11-21',22,3,'no'),(283,'T341','Ramon','Daniel','1994-03-30',15,9,'no'),(284,'T342','Vuela','Artelia','1978-09-17',4,10,'si'),(285,'T343','Papas','Alejandro','1983-11-21',9,1,'si'),(286,'T344','Soldado','Felicia','1994-03-30',3,8,'si'),(287,'T347','Sequeira','Candido','1978-09-17',1,6,'si'),(288,'T349','Valdez','Mario','1963-03-07',2,6,'si'),(289,'T350','Panadero','Ines','1983-11-21',3,11,'no'),(290,'T351','Fernan','Genoveva','1989-01-24',2,4,'no'),(291,'T352','Rojas','Lidia','1963-03-07',2,12,'si'),(292,'T353','Callejon','Elida','1983-11-21',4,9,'no'),(293,'T354','Perez','Maria','2004-08-06',5,1,'si'),(294,'T355','Ortega','Liduvina','1963-03-07',8,13,'si'),(295,'T357','Panello','Hilda','1983-11-21',9,14,'si'),(296,'T358','Nadir','Rosa','2004-08-06',18,15,'no'),(297,'T360','Gallardo','Celsa','2014-12-14',19,2,'no'),(298,'T361','Salvarrey','Primitiva','1985-09-30',1,3,'no'),(299,'T363','Gozalo','Santos','1979-12-24',7,3,'no'),(300,'T365','Falcone','Leonardo','1974-03-18',8,9,'si'),(301,'T366','Taza','Martha','1968-06-10',10,8,'si'),(302,'T367','Gorres','Juan','1962-09-03',12,6,'no'),(303,'T368','Lucra','Carolina','1956-11-26',22,3,'si'),(304,'T369','Ingenio','Carlos','1951-02-19',24,15,'no'),(305,'T370','Torres','Eloy','1945-05-14',24,10,'no'),(306,'T371','Pimenton','Miguel','2014-12-14',19,7,'si'),(307,'T372','Filguera','Omar','1985-09-30',11,1,'si'),(308,'T373','Zatura','Veronica','1979-12-24',3,2,'si'),(309,'T374','Marcel','Faustina','1974-03-18',4,5,'si'),(310,'T375','Schenter','Graciela','1968-06-10',6,7,'si'),(311,'T376','Mercedes','Roxana','1962-09-03',17,3,'si'),(312,'T377','Lima','Juana','1956-11-26',8,4,'si'),(313,'T378','Secal','Silvia','1951-02-19',19,1,'si'),(314,'T379','Mesias','Carmen','1945-05-14',12,15,'si'),(315,'T380','Correa','Fabian','2014-12-14',21,14,'si'),(316,'T381','Giles','Angel','1985-09-30',22,3,'si'),(317,'T382','Amarella','Juan','1979-12-24',4,9,'no'),(318,'T383','Puo','Hector','1974-03-18',3,10,'no'),(319,'T384','Carton','Pascual','1968-06-10',3,1,'si'),(320,'T385','Alberdi','Carmen','1962-09-03',17,8,'si'),(321,'T386','Alfil','Norberto','1956-11-26',9,6,'si'),(322,'T388','Sara','Lucia','1951-02-19',18,6,'si'),(323,'T389','Churachi','Lorena','1945-05-14',19,11,'si'),(324,'T390','Asencio','Blanca','1994-03-30',1,4,'no'),(325,'T392','Perales','Hector','1978-09-17',7,12,'no'),(326,'T393','Balder','Severina','1983-11-21',8,9,'si'),(327,'T394','Aimara','Hilda','1989-01-24',10,1,'no'),(328,'T395','Cortado','Dora','1994-03-30',12,13,'si'),(329,'T396','Armandi','Teresa','1994-03-30',10,14,'si'),(330,'T397','Cartel','Hilario','1978-09-17',11,15,'si'),(331,'T398','Martinez','Carolina','1983-11-21',10,2,'no'),(332,'T399','Vello','Alba','1994-03-30',15,3,'no'),(333,'T400','Torero','Ramona','1978-09-17',16,3,'no'),(334,'T401','Carton','Angela','1983-11-21',3,9,'no'),(335,'T402','Barreiro','Delia','1989-01-24',17,8,'si'),(336,'T404','Porelo','Juana','1994-03-30',17,6,'si'),(337,'T406','Oliva','Franco','1994-03-30',16,3,'no'),(338,'T408','Salomon','Nidia','1978-09-17',23,15,'si'),(339,'T409','Martino','Lucia','1983-11-21',6,10,'no'),(340,'T410','Gomez','Hugo','1994-03-30',7,7,'no'),(341,'T412','Botto','Silvia','1978-09-17',6,1,'si'),(342,'T413','Chicar','Sandra','1983-11-21',10,2,'si'),(343,'T414','Pereyra','Margarita','1989-01-24',11,5,'si'),(344,'T415','Molter','Hugo','1994-03-30',10,7,'si'),(345,'T416','Pepas','Luisa','1994-03-30',15,3,'si'),(346,'T417','Fito','Josefa','1978-09-17',16,4,'si'),(347,'T418','Garcia','Marilyn','1983-11-21',20,1,'si'),(348,'T419','Moreni','Zulma','1994-03-30',4,15,'si'),(349,'T420','Perez','Candido','1978-09-17',6,14,'si'),(350,'T421','Belgrano','Pascual','1983-11-21',3,3,'si'),(351,'T422','Fleixas','Antonio','1994-03-30',1,9,'si'),(352,'T423','Camargo','Monica','1978-09-17',20,10,'no'),(353,'T424','Lobo','Lucia','1963-03-07',19,1,'no'),(354,'T425','Calmo','Rosa','1983-11-21',18,8,'si'),(355,'T427','Terra','Blanca','1989-01-24',17,6,'si'),(356,'T428','Linares','Carlos','1963-03-07',14,6,'si'),(357,'T429','Olivos','Ruben','1983-11-21',21,11,'si'),(358,'T430','Heredia','Norma','2004-08-06',22,4,'si'),(359,'T431','Strugo','VILMAR','1963-03-07',15,12,'no'),(360,'T432','Pedrozo','Santiago','1983-11-21',4,9,'no'),(361,'T434','Morango','Santos','2004-08-06',9,1,'si'),(362,'T435','flores','Felix','2014-12-14',3,13,'no'),(363,'T436','Villa','Albina','1985-09-30',4,14,'si'),(364,'T437','Arana','Lidia','1979-12-24',7,15,'si'),(365,'T438','Herrera','Felicia','1974-03-18',14,2,'si'),(366,'T440','Escalo','Florencio','1968-06-10',19,3,'no'),(367,'T441','Perez','Eva','1962-09-03',3,3,'no'),(368,'T445','Rivero','Pablo','1956-11-26',3,9,'no'),(369,'T446','Loto','Ramona','1951-02-19',21,8,'no'),(370,'T447','Vivero','Carmen','1945-05-14',22,6,'si'),(371,'T448','Salta','Graciela','2014-12-14',1,3,'si'),(372,'T451','Pilta','Eusebio','1985-09-30',24,15,'no'),(373,'T452','Leon','Renee','1979-12-24',24,10,'si'),(374,'T453','Mira','Felisa','1974-03-18',9,7,'no'),(375,'T454','Gordon','Demetria','1968-06-10',3,1,'no'),(376,'T455','Loto','Gloria','1962-09-03',1,2,'si'),(377,'T456','Corona','Rosa','1956-11-26',2,5,'si'),(378,'T458','Perez','Gustavo','1951-02-19',3,7,'si'),(379,'T460','Bocon','Edith','1945-05-14',2,3,'si'),(380,'T461','Salida','Agustina','2014-12-14',2,4,'si'),(381,'T462','Moral','Francisca','1985-09-30',4,1,'si'),(382,'T464','Pereyra','Maria','1979-12-24',5,15,'si'),(383,'T465','Gutierres','Albina','1974-03-18',8,14,'si'),(384,'T468','Romero','Rosa','1968-06-10',9,3,'si'),(385,'T469','Carrozo','Daniel','1962-09-03',18,9,'si'),(386,'T470','Suarez','Eulalio','1956-11-26',17,10,'si'),(387,'T471','Padral','Eusebio','1951-02-19',17,1,'no'),(388,'T473','Cabo','Vilma','1945-05-14',16,8,'no'),(389,'T474','Galina','Carmen','1994-03-30',23,6,'si'),(390,'T477','Bautista','Miguel','1978-09-17',6,6,'si'),(391,'T478','Peredo','Hilaria','1983-11-21',7,11,'si'),(392,'T479','Estebanez','Carlina','1989-01-24',6,4,'si'),(393,'T480','Lagos','Filomena','1994-03-30',10,12,'si'),(394,'T481','Norma','Gabriela','1994-03-30',11,9,'no'),(395,'T482','Pascual','Rolando','1978-09-17',10,1,'no'),(396,'T483','Lios','Heminia','1983-11-21',14,13,'si'),(397,'T485','Miro','Carlos','1994-03-30',19,14,'no'),(398,'T486','Gonzalez','Nicolas','1978-09-17',3,15,'si'),(399,'T487','Malvon','Cristina','1983-11-21',3,2,'si'),(400,'T488','Galvan','Cecilia','1989-01-24',21,3,'si'),(401,'T490','Soliz','Concepcion','1994-03-30',22,3,'no'),(402,'T492','Aguila','Socorro','1994-03-30',1,9,'no'),(403,'T493','Mamon','Americo','1978-09-17',24,8,'no'),(404,'T495','Cabrales','Felicitas','1983-11-21',24,6,'no'),(405,'T496','Gallo','Rosalia','1994-03-30',9,3,'si'),(406,'T497','Coco','luisa','1978-09-17',3,15,'si'),(407,'T499','Pereyra','Justina','1983-11-21',1,10,'no'),(408,'T501','Moises','Anibal','1989-01-24',2,7,'si'),(409,'T502','Barrios','Domingo','1994-03-30',3,1,'no'),(410,'T503','Ligos','Julio','1994-03-30',2,2,'no'),(411,'T504','Maros','Edmundo','1978-09-17',2,5,'si'),(412,'T506','Galicia','Fermin','1983-11-21',4,7,'si'),(413,'T507','Cahn','Raul','1994-03-30',5,3,'si'),(414,'T508','Codos','Omar','1978-09-17',8,4,'si'),(415,'T510','Timos','Lorena','1983-11-21',9,1,'si'),(416,'T511','Oscar','Luz','1994-03-30',18,15,'si'),(417,'T512','Fernandez','Enrique','1978-09-17',17,14,'si'),(418,'T513','Barbiero','Nelida','1963-03-07',17,3,'si'),(419,'T514','Molinari','Angelica','1983-11-21',16,9,'si'),(420,'T515','Gaston','Ariel','1989-01-24',23,10,'si'),(421,'T516','Franco','Manuel','1963-03-07',6,1,'si'),(422,'T517','Castellon','Ramon','1983-11-21',7,8,'no'),(423,'T518','Puno','Ever','2004-08-06',24,6,'no'),(424,'T521','Lolo','Esteban','1963-03-07',21,6,'si'),(425,'T522','Millar','Anastasio','1983-11-21',2,11,'si'),(426,'T523','Leon','Clementina','2004-08-06',24,4,'si'),(427,'T524','Gonzalez','Isabel','2014-12-14',22,12,'si'),(428,'T525','Olmedo','Fausto','1985-09-30',7,9,'si'),(429,'T526','Frias','Lorenzo','1979-12-24',12,1,'no'),(430,'T530','Callon','Oscar','1974-03-18',13,13,'no'),(431,'T531','Santoro','Mariana','1968-06-10',4,14,'si'),(432,'T532','Mun','Rosa','1962-09-03',7,15,'no'),(433,'T533','Pilara','Alejandro','1956-11-26',19,2,'si'),(434,'T534','Liz','Nestor','1951-02-19',11,3,'si'),(435,'T535','Chicana','Cesar','1945-05-14',3,3,'si'),(436,'T536','Ratan','Irma','2014-12-14',4,9,'no'),(437,'T537','Marias','Natalia','1985-09-30',6,8,'no'),(438,'T538','Paltas','Flora','1979-12-24',17,6,'no'),(439,'T539','Cosa','Alejandra','1974-03-18',8,3,'no'),(440,'T540','Costa','Ernesto','1968-06-10',19,15,'si'),(441,'T541','Puerta','Bernardo','1962-09-03',12,10,'si'),(442,'T542','Caldosa','Alberto','1956-11-26',21,7,'no'),(443,'T543','Manta','Carmen','1951-02-19',22,1,'si'),(444,'T544','Agria','Cecilia','1945-05-14',4,2,'no'),(445,'T545','Surra','Isabel','2014-12-14',3,5,'no'),(446,'T546','Quiroz','Gladys','1985-09-30',3,7,'si'),(447,'T547','Morelos','Nelida','1979-12-24',17,3,'si'),(448,'T548','Sacco','Firmo','1974-03-18',9,4,'si'),(449,'T549','Manrique','Gilberto','1968-06-10',18,1,'si'),(450,'T550','Alba','Sergio','1962-09-03',19,15,'si'),(451,'T551','Martin','Nancy','1956-11-26',1,14,'si'),(452,'T553','Gonzalo','Valentina','1951-02-19',7,3,'si'),(453,'T554','Guido','Mirta','1945-05-14',8,9,'si'),(454,'T555','Pasto','Edith','1994-03-30',10,10,'si'),(455,'T557','Reyes','Andres','1978-09-17',12,1,'si'),(456,'T558','Carraza','Rosa','1983-11-21',10,8,'si'),(457,'T560','Sofia','Liliana','1989-01-24',11,6,'no'),(458,'T561','Ratan','Rafael','1994-03-30',10,6,'no'),(459,'T562','Pomel','Elias','1994-03-30',15,11,'si'),(460,'T563','Barra','Romualdo','1978-09-17',16,4,'si'),(461,'T564','BARRIOS','Antonio','1983-11-21',3,12,'si'),(462,'T565','Gaudio','Norberto','1994-03-30',17,9,'si'),(463,'T566','Verona','Ernesto','1978-09-17',17,1,'si'),(464,'T567','Mionez','Maria','1983-11-21',16,13,'no'),(465,'T569','Alvarez','Roberto','1989-01-24',23,14,'no'),(466,'T570','Barreiro','Jorge','1994-03-30',6,15,'si'),(467,'T571','Fidel','Maria','1994-03-30',7,2,'no'),(468,'T572','Claz','Beatriz','1978-09-17',6,3,'si'),(469,'T574','Palermo','Anahi','1983-11-21',10,3,'si'),(470,'T575','Sulansky','Jonathan','1994-03-30',11,9,'si');
/*!40000 ALTER TABLE `pacientes` ENABLE KEYS */;
UNLOCK TABLES;

--
-- Table structure for table `provincias`
--

DROP TABLE IF EXISTS `provincias`;
/*!40101 SET @saved_cs_client     = @@character_set_client */;
/*!50503 SET character_set_client = utf8mb4 */;
CREATE TABLE `provincias` (
  `id_provincia` int NOT NULL AUTO_INCREMENT,
  `nombre_provincia` varchar(50) NOT NULL,
  PRIMARY KEY (`id_provincia`)
) ENGINE=InnoDB AUTO_INCREMENT=25 DEFAULT CHARSET=utf8mb4 COLLATE=utf8mb4_0900_ai_ci;
/*!40101 SET character_set_client = @saved_cs_client */;

--
-- Dumping data for table `provincias`
--

LOCK TABLES `provincias` WRITE;
/*!40000 ALTER TABLE `provincias` DISABLE KEYS */;
INSERT INTO `provincias` VALUES (1,'BUENOS AIRES'),(2,'CIUDAD AUTONOMA DE BUENOS AIRES'),(3,'CATAMARCA'),(4,'CHACO'),(5,'CHUBUT'),(6,'CORDOBA'),(7,'CORRIENTES'),(8,'ENTRE RIOS'),(9,'FORMOSA'),(10,'JUJUY'),(11,'LA PAMPA'),(12,'LA RIOJA'),(13,'MENDOZA'),(14,'MISIONES'),(15,'NEUQUEN'),(16,'RIO NEGRO'),(17,'SALTA'),(18,'SAN JUAN'),(19,'SAN LUIS'),(20,'SANTA CRUZ'),(21,'SANTA FE'),(22,'SANTIAGO DEL ESTERO'),(23,'TIERRA DEL FUEGO'),(24,'TUCUMAN');
/*!40000 ALTER TABLE `provincias` ENABLE KEYS */;
UNLOCK TABLES;

--
-- Table structure for table `tramos_proyecto`
--

DROP TABLE IF EXISTS `tramos_proyecto`;
/*!40101 SET @saved_cs_client     = @@character_set_client */;
/*!50503 SET character_set_client = utf8mb4 */;
CREATE TABLE `tramos_proyecto` (
  `id_tramo` int NOT NULL AUTO_INCREMENT,
  `nombre_tramo` char(2) NOT NULL,
  PRIMARY KEY (`id_tramo`)
) ENGINE=InnoDB AUTO_INCREMENT=5 DEFAULT CHARSET=utf8mb4 COLLATE=utf8mb4_0900_ai_ci;
/*!40101 SET character_set_client = @saved_cs_client */;

--
-- Dumping data for table `tramos_proyecto`
--

LOCK TABLES `tramos_proyecto` WRITE;
/*!40000 ALTER TABLE `tramos_proyecto` DISABLE KEYS */;
INSERT INTO `tramos_proyecto` VALUES (1,'S0'),(2,'S1'),(3,'S2'),(4,'S3');
/*!40000 ALTER TABLE `tramos_proyecto` ENABLE KEYS */;
UNLOCK TABLES;
/*!40103 SET TIME_ZONE=@OLD_TIME_ZONE */;

/*!40101 SET SQL_MODE=@OLD_SQL_MODE */;
/*!40014 SET FOREIGN_KEY_CHECKS=@OLD_FOREIGN_KEY_CHECKS */;
/*!40014 SET UNIQUE_CHECKS=@OLD_UNIQUE_CHECKS */;
/*!40101 SET CHARACTER_SET_CLIENT=@OLD_CHARACTER_SET_CLIENT */;
/*!40101 SET CHARACTER_SET_RESULTS=@OLD_CHARACTER_SET_RESULTS */;
/*!40101 SET COLLATION_CONNECTION=@OLD_COLLATION_CONNECTION */;
/*!40111 SET SQL_NOTES=@OLD_SQL_NOTES */;

-- Dump completed on 2023-02-05 16:49:25
